Code,Description
"02Q","Titan Airways (2006 - )"
"04Q","Tradewind Aviation (2006 - )"
"05Q","Comlux Aviation, AG (2006 - 2012)"
"06Q","Master Top Linhas Aereas Ltd. (2007 - )"
"07Q","Flair Airlines Ltd. (2007 - )"
"09Q","Swift Air, LLC (2006 - 2017)"
"09Q","Swift Air, LLC d/b/a Eastern Air Lines d/b/a Eastern (2018 - )"
"0BQ","DCA (2007 - )"
"0CQ","ACM AIR CHARTER GmbH (2007 - )"
"0FQ","Maine Aviation Aircraft Charter, LLC (2017 - )"
"0GQ","Inter Island Airways, d/b/a Inter Island Air (2007 - 2016)"
"0HQ","Polar Airlines de Mexico d/b/a Nova Air (2007 - )"
"0IQ","Lynx Aviation d/b/a Frontier Airlines (2007 - 2007)"
"0J","JetClub AG (2007 - )"
"0JQ","Vision Airlines (2008 - 2015)"
"0KQ","Mokulele Flight Services, Inc. (2006 - 2012)"
"0LQ","Metropix UK, LLP. (2007 - )"
"0MQ","Multi-Aero, Inc. d/b/a Air Choice One (2008 - )"
"0OQ","Open Skies (2008 - 2009)"
"0Q","Flying Service N.V. (2007 - )"
"0QQ","TAG Aviation (UK) Ltd. (2006 - )"
"0RQ","TAG Aviation Espana S.L. (2006 - )"
"0TQ","Corporatejets, XXI (2008 - 2013)"
"0UQ","Comlux Malta, Ltd. (2009 - )"
"0VQ","Ocean Sky (UK) Limited (2009 - )"
"0WQ","Avjet Corporation (2009 - )"
"0YQ","Comlux Malta Ltd. (2009 - )"
"0Z","Island Air Service (2005 - 2007)"
"0ZQ","Air Excursions LLC (2009 - 2009)"
"10Q","Swiss Air Ambulance (2010 - )"
"12Q","Unijet (2010 - )"
"13Q","Chartright Air Inc. (2010 - )"
"14Q","London Air Services Limited (2010 - )"
"15Q","Air Alsie A/S (2010 - )"
"16","PSA Airlines Inc. (2004 - 2015)"
"17","Piedmont Airlines (2005 - 2015)"
"17Q","Albinati Aeronautics SA (2010 - )"
"1AQ","Charter Air Transport, Inc. (2010 - 2015)"
"1AQ","Via Airlines d/b/a Charter Air Transport (2015 - )"
"1BQ","Dynamic Airways, LLC (2010 - 2017)"
"1BQ","Eastern Airlines f/k/a Dynamic Airways, LLC (2018 - )"
"1DQ","Island Airlines LLC (2010 - 2015)"
"1EQ","KaiserAir, Inc. (2011 - )"
"1FQ","Alsek Air (2011 - 2012)"
"1HQ","International Jet Management GmbH (2011 - )"
"1I","Sky Trek International Airlines (1997 - 2000)"
"1IQ","Jet link AG (2011 - )"
"1JQ","Exec Direct Aviation Services Limited (2011 - )"
"1LQ","Bertelsmann Aviation GmbH (2012 - )"
"1MQ","Twin Cities Air Service LLC (2012 - 2012)"
"1NQ","JSC The 224th Flight Unit State Airlines (2012 - )"
"1PQ","Makani Kai Air Charters (2011 - )"
"1QQ","City Wings Inc dba Seaflight (2012 - )"
"1RQ","Sun Air Express LLC dba Sun Air International (2012 - )"
"1SQ","Star Marianas Air Inc. (2014 - )"
"1TQ","Rhoades Aviation dba Transair (2013 - )"
"1UQ","Gainjet Aviation SA (2013 - )"
"1VQ","Scott Air LLC dba Island Air Express (2013 - 2015)"
"1WQ","Ultimate JetCharters LLC dba Ultimate Air Shuttle (2014 - )"
"1XQ","Dassault Falcon Service (2014 - )"
"1YQ","Air Charter, Inc d/b/a Air Flamenco (2012 - )"
"1ZQ","Comlux Aruba NV (2014 - )"
"20Q","Orange Air (2014 - 2017)"
"21Q","Corporate Flight Management Inc.d/b/a Crystal Luxury Air (2016 - 2016)"
"21Q","Corporate Flight Management Inc. (2014 - 2015)"
"22Q","Gem Air LLC (2015 - )"
"23Q","Sky King Inc. (2015 - 2015)"
"23Q","Songbird Airways Inc. (2015 - 2017)"
"24Q","Blue Jet SP Z o o (2014 - )"
"25Q","Mjet GmbH (2015 - )"
"26Q","Albinati aviation Limited (2015 - )"
"27Q","Jet Aviation Flight Services, Inc. (2015 - )"
"28Q","Menagerie Enterprises Inc d/b/a Monarch Air (2015 - 2018)"
"29Q","Erickson Helicopters (2015 - )"
"2AQ","ABS JETS A.S (2010 - )"
"2BQ","Air Medical Ltd. (2015 - )"
"2E","Smokey Bay Air Inc. (2003 - )"
"2EQ","J&M Alaska Air Tours, Inc. d/b/a Alaska Air Transit (2015 - )"
"2F","Frontier Flying Service (2003 - )"
"2GQ","Cavok Air LLC (2015 - )"
"2HQ","Elite Airways LLC (2016 - )"
"2JQ","Delux Public Charter LLC (2016 - )"
"2K","Aerolineas Galapagos S A Aerogal (2007 - 2012)"
"2KQ","Longtail Aviation Ltd. (2005 - )"
"2LQ","Tropic Ocean Airways LLC (2017 - )"
"2M","Midway Express Airlines (1984 - 1985)"
"2NQ","LIMA NY Corp d/b/a Fly The Whale d/b/a Tailwind (2018 - )"
"2O","Island Air Service (2007 - )"
"2OQ","Talofa Airways Limited (2016 - )"
"2P","Air Philippines Corp d/b/a Airphil Express, Philippines Airlines (2016 - )"
"2PQ","21 Air LLC (2016 - )"
"2R","Regal Air (1990 - 1992)"
"2RQ","Luxaviation S A (2015 - )"
"2T","Canada 3000 Airlines Ltd. (1997 - 2001)"
"2TQ","Trans Northern Airways d/b/a Air Unlimited Charter Services (2016 - )"
"2U","Valley Air Express Inc. (2003 - 2005)"
"2UQ","Svenskt Industriflyg AB (2016 - )"
"2Z","Air Comet S.A. (1997 - 2001)"
"30Q","Public Charters, Inc. d/b/a North Country Sky d/b/a Regional Sky d/b/a Texas Sky (2017 - )"
"34Q","Polaris Aviation Solutions, LLC (2017 - )"
"35Q","Aztec Worldwide Airlines, Inc.  d/b/a  Aztec Airways (2017 - )"
"36Q","Air Hamburg Luftverkehrsgesellschaft mbH (2017 - )"
"37","Zeal 320 (2006 - )"
"37Q","Hillwood Airways, LLC  f/k/a   ATX Air Services, LLC (2018 - )"
"38Q","Key Lime Air Corporation (2017 - )"
"3AA","Airgate Aviation, Inc. (2019 - )"
"3AQ","Maritime Helicopters, Inc. (2018 - )"
"3BQ","Nealco Air Charter Services, Inc.  d/b/a  Watermakers Air (2018 - )"
"3C","Regions Air, Inc. (2005 - 2007)"
"3C","Corporate Airlines (2002 - 2004)"
"3CQ","Andrew Airways, Inc. (2018 - )"
"3DQ","Rectrix Aviation, Inc. (2018 - )"
"3EQ","Scott Aviation, LLC  d/b/a  Silver Air (2018 - )"
"3F","Pacific Airways, Inc. (2006 - )"
"3FQ","Western Air Charter, Inc.  d/b/a  Jet Edge (2018 - )"
"3K","Tatonduk Outfitters Limited d/b/a Tatonduk Flying Service (1995 - 2004)"
"3M","Silver Airways (2012 - )"
"3M","Gulfstream Int (2004 - 2011)"
"3S","AeroLogic GmbH (2009 - )"
"3SD","Compagnie Aerienne Inter Regionale Express dba Air Antilles Express & Air Guyane (2014 - )"
"3U","Sichuan Airlines Co Ltd. (2011 - )"
"3Z","Tatonduk Outfitters Limited d/b/a Everts Air Alaska and Everts Air Cargo (2005 - 2013)"
"4B","Olson Air Service (2003 - 2005)"
"4B","Boutique Air (2014 - )"
"4C","Aerovias de Intergracian Regional (2009 - )"
"4E","British Airtours Limited (1981 - 1988)"
"4E","Tanana Air Service (2003 - 2014)"
"4EQ","Tanana Air Service (2015 - 2017)"
"4H","Belize Trans Air (1990 - 1991)"
"4M","Lan Dominica (2003 - 2005)"
"4M","LAN Argentina (2006 - )"
"4N","Air North (1992 - )"
"4O","ABC Aerolineas SA de CV dba Interjet (2011 - )"
"4R","Regent Air Corporation (1985 - 1986)"
"4S","Conner Air Lines Inc. (1989 - 1991)"
"4S","Sol Air (Aero Hunduras) (2002 - )"
"4T","Belair Airlines Ltd. (2004 - )"
"4W","Warbelow (2003 - )"
"4Y","Yute Air Aka Flight Alaska (2003 - 2017)"
"5B","Bellair Inc. (1983 - 2004)"
"5C","C.A.L Cargo Airlines (2000 - )"
"5D","Aerolitoral (2002 - )"
"5F","Arctic Circle Air Service (2003 - 2010)"
"5G","Queen Air (1998 - 2000)"
"5G","Skyservice Airlines, Inc. (2007 - 2010)"
"5J","Cebu Air Inc d/b/a Cebu Pacific Air (2016 - )"
"5J","Private Jet Expeditions (1993 - 1995)"
"5L","Aerosur (2008 - )"
"5T","Air America (1984 - 1987)"
"5V","Tatonduk Outfitters Limited d/b/a Everts Air Alaska and Everts Air Cargo (2013 - )"
"5X","United Parcel Service (1988 - )"
"5Y","Atlas Air Inc. (1993 - )"
"6A","Aviacsa Airlines (1998 - )"
"6B","TUIfly Nordic A.B. (2008 - )"
"6B","Britannia Airways A.B. (1999 - 2008)"
"6C","Cape Smythe Air Service (2003 - 2005)"
"6F","Laker Airways Inc. (1996 - 2000)"
"6H","Israir Airlines (2004 - )"
"6P","Pacific East Air Inc. (1982 - 1984)"
"6R","Aerounion Aerotransporte de Carga Union SA de CV (2007 - )"
"6R","Aerounion ( Aerotransporte de Carga Union SA de CV (2004 - 2007)"
"6U","Air Ukraine (1993 - )"
"6Y","Nicaraguense De Aviacion Sa (1992 - )"
"7B","Krasair (1995 - )"
"7C","Jeju Air Co Ltd. (2012 - )"
"7F","First Air (1987 - 1989)"
"7G","MK Airlines Ltd. (2001 - 2010)"
"7G","Bellair Inc. (2003 - 2004)"
"7H","Corvus Airlines, Inc d/b/a Era Aviation d/b/a Ravn Alaska (2014 - )"
"7H","Era Aviation (2003 - 2014)"
"7I","Insel Air International B V (2008 - )"
"7J","Skagway Air Service (2003 - 2004)"
"7L","Silk Way West Airlines (2015 - )"
"7M","Aeromonterrey S.A. (1993 - 1994)"
"7N","Inland Aviation Services (2003 - 2011)"
"7P","Apa International Air S.A. (1990 - )"
"7Q","Pan American World Airways Dominicana (2008 - 2010)"
"7S","Ryan Air f/k/a Arctic Transportation (2018 - )"
"7S","Skystar International Inc. (1985 - 1987)"
"7S","Arctic Transportation (2003 - 2017)"
"7Z","Laker Airways (1992 - 1997)"
"7Z","Lb Limited (1997 - 2004)"
"8C","Air Transport International (1988 - )"
"8D","Servant Air Inc. (2003 - 2015)"
"8D","Dynamic Aviation, Inc. d/b/a Beacon (2016 - )"
"8E","Bering Air Inc. (2003 - )"
"8F","Wilburs Inc. (1991 - 1992)"
"8I","Inselair Aruba NV (2014 - )"
"8J","Jetall Airways (1995 - 1996)"
"8L","Servicio Aereo Leo Lopez (1994 - )"
"8N","Flagship Airlines Inc. (1998 - 1998)"
"8Q","Baker Aviation Inc. (2003 - 2008)"
"8R","Edelweiss Air Ag (2002 - )"
"8V","Wright Air Service (2003 - )"
"9E","Pinnacle Airlines Inc. (2002 - 2013)"
"9E","Endeavor Air Inc. (2013 - )"
"9I","Island Air Service (2003 - 2005)"
"9J","Pacific Island Aviation (2002 - 2005)"
"9K","Cape Air (2002 - )"
"9L","Colgan Air (2002 - 2012)"
"9M","Central Mountain Air (2002 - )"
"9N","Trans States Airlines (1991 - 2002)"
"9N","ANA & JP Express Co. Ltd. (2006 - )"
"9R","Rosenbalm Aviation Inc. (1980 - 1991)"
"9R","Flagship Express Services (1991 - 1991)"
"9S","Southern Air Inc. (1999 - )"
"9T","TravelspanGT, Inc. S.A. (2006 - )"
"9V","Avior Airlines, C.A. (2007 - )"
"9W","Jet Airways (India) Limited (2007 - )"
"A0","Elysair d/b/a L'Avion (2007 - 2018)"
"A2","Cielos De Peru (2002 - 2012)"
"A4","Southern Wind Airlines (2002 - )"
"A7","Air Comet S.A. (2002 - 2009)"
"A7","Air 21 (1995 - 1997)"
"AA","American Airlines Inc. (1960 - )"
"AAA","Associated Aviation Act. (1960 - 2002)"
"AAB","Abelag Aviation AG (2016 - )"
"AAB","Antilles Air Boats Inc. (1960 - 2002)"
"AAE","AAA Airlines (1960 - 2002)"
"AAI","Audi Air Inc. (1983 - 1989)"
"AAL","Argosy Air Lines Inc. (1960 - 2002)"
"AAP","Armstrong Air Service Inc. (1985 - 1989)"
"AAQ","Advance Air Charters (1994 - 1995)"
"AAR","Altair Airlines Inc. (1960 - 1986)"
"AAT","Air Sunshine Inc. (1983 - )"
"AAV","Alpine Air (1984 - 2002)"
"AAZ","Alaska Aeronautical Indust. (1960 - 1987)"
"AB","Air Berlin PLC and CO (2009 - 2017)"
"ABH","Air Bahia (1960 - 2002)"
"ABI","Airbama Incorporated (1960 - 2002)"
"ABO","Aeronaves Boringuena Inc. (1960 - 2002)"
"ABQ","Aeromar C. Por A. (1981 - 1993)"
"ABX","Airborne Express Inc. (2004 - 2005)"
"ABX","ABX Air Inc (2005 - )"
"AC","Air Canada (1981 - )"
"ACA","Alaska Central Airways Inc. (1960 - 2002)"
"ACD","Academy Airlines (1981 - 1986)"
"ACG","Air Cargo Express Inc. (1960 - 2001)"
"ACH","Island Airlines Hawaii Inc. (1960 - 2002)"
"ACI","AAA-Action Air Carrier Inc. (1960 - 2002)"
"ACJ","Atlantic Coast Jet Inc. (2000 - 2004)"
"ACK","Air Central Inc. (1960 - 2002)"
"ACL","Check-Air Inc. (1981 - 1986)"
"ACN","Alliance Airlines (1985 - 2002)"
"ACO","Air Cargo Enterprises Inc. (1960 - 2002)"
"ACP","Air Chaparral Inc. (1960 - 2002)"
"ACQ","Aeronautica De Cancun (1990 - 1996)"
"ACS","Alamo Commuter Airlines (1960 - 2002)"
"ACT","Air Central Inc. (1960 - 2002)"
"ACW","Transwest Air Express (1981 - 1986)"
"AD","Avia Leasing Company (2001 - 2014)"
"AD","Azul Linhas Aereas Brazileiras S A (2014 - )"
"ADB","Antonov Company (2010 - )"
"ADQ","Aeronaves Del Peru (1981 - 1994)"
"ADR","Adirondack Airlines (1990 - 2002)"
"ADV","Advantage Airlines (1992 - 2002)"
"AE","Air Europe Limited (1981 - 1991)"
"AEC","Astec Air East Inc. (1960 - 2002)"
"AED","Air East Of Delaware Inc. (1981 - 2002)"
"AEF","Aero Freight (1989 - 2002)"
"AEO","Aero Coach (1986 - 2002)"
"AEQ","Air Caravane Inc. (1981 - 1989)"
"AEX","Air Excursions LLC (2001 - 2003)"
"AF","Compagnie Natl Air France (1981 - )"
"AFA","American Flag Airlines Inc. (1960 - 2002)"
"AFE","Air Florida Express (1993 - 2002)"
"AFG","American Flight Group (1993 - 2002)"
"AFQ","Aero B Venezuela C.A. (1982 - 1989)"
"AFS","Arcata Flying Service (1983 - 2002)"
"AG","Arubaanse Luchtvaart Maatschappij NV dba Aruba Airlines (2015 - )"
"AGA","Air Cargo America Inc. (1960 - 2002)"
"AGL","Atlantic Gulf Airlines (1983 - 1984)"
"AGQ","Argo S. A. (1981 - 1989)"
"AHA","Air Alpha (1992 - 2002)"
"AHC","Air Hawaii (1960 - 1987)"
"AHQ","Air National (1983 - 1984)"
"AI","Air-India (1981 - 2011)"
"AI","National Aviation Company of India Limited d/b/a Air India (2011 - )"
"AIA","All Island Air (1960 - 2002)"
"AIC","Air Caribbean (1960 - 2002)"
"AIE","Air Express Inc. (1960 - 2002)"
"AIG","Airgo Inc. (1981 - 1986)"
"AIK","Air Ketchum Idaho Inc. (1999 - 2002)"
"AIM","Air Mont. Inc. (1960 - 2002)"
"AIN","Air Indiana (1960 - 2002)"
"AIQ","Norontair (1981 - 1989)"
"AIT","Airways International (1986 - 2002)"
"AIY","Alliance Air (1992 - 2002)"
"AJ","Air Micronesia Inc. (1960 - 1993)"
"AJQ","Aerodynamics Inc. (2003 - 2016)"
"AJQ","Aerodynamics Inc. d/b/a SkyValue d/b/a SkyValue Airways (2016 - )"
"AKQ","Airmark Airlines Inc. (1992 - 1993)"
"AKS","Alaska Seaplane Service (1997 - 2003)"
"AL","USAir (1979 - 1988)"
"AL","Skyway Airlines (2003 - 2008)"
"ALD","Allied Airlines (1991 - 2002)"
"ALE","Air-Lift Associates Inc. (1960 - 2002)"
"ALI","Brandt Air (1960 - 2002)"
"ALK","Air Link Airways (1986 - 2002)"
"ALL","All Seasons Air Pacific (1960 - 2002)"
"ALQ","Alberta Northern Airlines (1981 - 1989)"
"ALS","Air L.A. (1986 - 1996)"
"ALT","Altus Airlines (1981 - 2002)"
"ALU","Aleutian Air (1988 - 2002)"
"ALX","Atlanta Express (1981 - 2002)"
"AM","Aeromexico (1981 - )"
"AMA","North American Airlines Inc. (1960 - 2002)"
"AME","Americair Inc. (1984 - 2002)"
"AMI","American Inter-Island Inc. (1960 - 2002)"
"AMQ","Ameristar Air Cargo (2000 - )"
"AMR","AvAir (1985 - 1988)"
"AMT","American Air Transport (1981 - 1986)"
"AMW","Air Midwest Inc. (1985 - 2002)"
"AN","ADVANCED AIR, LLC (2018 - )"
"ANB","Air Nebraska Inc. (1960 - 2002)"
"ANC","Atlantic Air (1981 - 2002)"
"AND","Southcentral Air Inc. (1960 - 2000)"
"ANE","Pacific Wings Airlines (1960 - 2005)"
"ANI","Dash Air Corporation (1982 - 2002)"
"ANM","Airways Of New Mexico Inc. (1960 - 2002)"
"ANO","Metro Air Northeast Vermont (1960 - 2002)"
"ANT","Air North/Nenana (1960 - 2002)"
"AO","Aviacion Y Comercio S.A. (1981 - 1989)"
"AOI","Trans New York (1960 - 2002)"
"AON","Action Airlines (1985 - 2002)"
"AOQ","Aerovias S.A. (1989 - 1994)"
"AOR","Air New Orleans (1981 - 2002)"
"AP","Aspen Airways Inc. (1960 - 1991)"
"AP","Aeromexpress (1994 - 1995)"
"APC","Air Puerto Rico Airlines (1986 - 1986)"
"APE","Air Cape (1987 - 2002)"
"APH","Alpha Air (1985 - 2002)"
"API","Arizona Pacific Inc. (1960 - 2002)"
"APL","Appalachian Flying Service (1960 - 2002)"
"APN","Aspen Airways Inc. (1991 - 2002)"
"APQ","Alas De Transporte International (1989 - 1996)"
"APS","Air Spirit Inc. (1984 - 2002)"
"APY","Air Polynesia Inc. (1960 - 2002)"
"AQ","Aloha Airlines Inc. (1981 - 2008)"
"AQQ","Air Charter (Safa) (1985 - )"
"AR","Aerolineas Argentinas (1981 - )"
"ARA","Air Resorts Airlines (1982 - 2002)"
"ARB","Air Caribe International (1987 - 2002)"
"ARD","Airlift International (1988 - 2002)"
"ARI","Arizona Aero Corp. (1960 - 2002)"
"ARM","Airmarc Airlines Inc. (1983 - 2002)"
"ARN","Arnold Aviation (1960 - 2002)"
"ARO","Air Oregon (1960 - 2002)"
"ARP","Airspur Helicopters Inc. (1984 - 2002)"
"ARQ","Aerovias Colombianas Arca (1990 - 1996)"
"ARR","Arrowhead Airways Inc. (1960 - 2002)"
"ARS","Air Sedona (1983 - 2002)"
"ARZ","Arizona Airways (1992 - 1996)"
"AS","Alaska Airlines Inc. (1960 - )"
"ASC","Air South Inc. (1991 - 1998)"
"ASD","Amistad Airlines (1960 - 2002)"
"ASE","Arctic Circle Air Service (1985 - 2003)"
"ASH","Air South (1987 - 2002)"
"ASI","Alpine Air Services Inc. (1960 - 2002)"
"ASN","Air Casino (1993 - 2002)"
"ASP","Asap Air Inc. (1960 - 2002)"
"ASQ","Aerosur (1990 - 1991)"
"ASR","Astor Air (1985 - 2002)"
"AST","Astro Airways (1960 - 2002)"
"ASU","Air South (1981 - 2002)"
"ASW","Scenic Airlines (1990 - 2002)"
"ASW","Sunrise Airlines Inc. (2002 - 2003)"
"AT","Royal Air Maroc (1981 - )"
"ATA","Atlantic Southeast Airlines (1960 - 1993)"
"ATD","Atlantic Coast Airlines (1992 - 2002)"
"ATH","Air Southeast (1990 - 2002)"
"ATN","Air Atlantic Airlines Inc. (1960 - 2002)"
"ATO","Pacific National Airways (1960 - 2002)"
"ATQ","Aero Tranportes Panamenos (1987 - 1989)"
"ATS","Atlantis Airlines Inc. (1960 - 2002)"
"ATT","Aerotransit Inc. (1960 - 2002)"
"ATX","Air Carolina (1960 - 2002)"
"AUQ","Antonov Design Bureau (1996 - 2010)"
"AUX","Austin Express Inc. (1997 - 2002)"
"AV","Aerovias Nacl De Colombia (1981 - )"
"AVA","Air Vectors Airways (1960 - 2002)"
"AVC","Av Center Inc. (1998 - 2002)"
"AVG","Airvantage (1991 - 2002)"
"AVI","Aero Virgin Islands Corp. (1960 - 2002)"
"AVL","Aviation Sales (1993 - 2002)"
"AVQ","Aero Laguna S.A. De C.V. (2005 - )"
"AVR","Air Vermont Inc. (1981 - 2002)"
"AVS","Aviation Services (1960 - 2002)"
"AVZ","Southern Jersey Airways (1960 - 2002)"
"AWA","Air West Airlines (1992 - 2002)"
"AWQ","Aermediterranea S.P.A. (1984 - 1989)"
"AX","Trans States Airlines (2002 - )"
"AXQ","Aeron International Airlines Inc. (1983 - 1989)"
"AY","Finnair Oy (1981 - )"
"AYQ","Aerodan S.A. De C.V. (2005 - )"
"AZ","Compagnia Aerea Italiana (2009 - )"
"AZ","Alitalia-Linee Aeree Italia (1981 - 2008)"
"AZE","Arizona Express (2002 - 2004)"
"AZP","Arizona Pacific Airways (1991 - 2002)"
"AZQ","Anglo Airlines Ltd. (1986 - 1992)"
"B0","Dreamjet SAS Dba La Compagnie (2014 - )"
"B6","JetBlue Airways (2000 - )"
"B8","Caribbean Airline Company (1994 - 1994)"
"BA","British Airways Plc (1981 - )"
"BAA","Aero International Airlines (1981 - 2002)"
"BAC","Business Aircraft Corp. (1960 - 2002)"
"BAH","Brennan & Hargreaves Inc. (1960 - 2002)"
"BAK","Bankair Inc. (1960 - 2002)"
"BAN","Bangor International Air (1987 - 2002)"
"BAQ","Aero Rentas De Coahuila S.A. De C.V. (2005 - )"
"BAR","Bard-Air Corp. (1960 - 2002)"
"BAT","West Penn Commuter (1985 - 2002)"
"BAY","Burlington Aeroplane Co. (1982 - 2002)"
"BBQ","Balair Ag (1981 - 2001)"
"BC","Skymark Airlines Inc. (2010 - )"
"BCA","Baja Cortez Airlines (1960 - 2002)"
"BCQ","Bradley Air Services Ltd. (1988 - )"
"BD","British Midland Airways Ltd. (1981 - )"
"BDE","Jet Express (1985 - 2002)"
"BDQ","Aerotaxis De Aguascalientes S.A. De C.V. (2005 - )"
"BE","Braniff International Airlines Inc. (1991 - 1992)"
"BEA","Business Express Airlines (1985 - 2000)"
"BEL","Bellair Inc. (1960 - 2003)"
"BEN","Bennington Aviation Inc. (1960 - 2002)"
"BEQ","Air Belgium (1990 - 1992)"
"BER","Bering Air Inc. (1985 - 2003)"
"BES","Aeroservices Executive (2002 - )"
"BEY","Beyer Aviation (1960 - 2002)"
"BF","Markair Inc. (1984 - 1995)"
"BF","French bee (2018 - )"
"BF","Alaska International Air (1980 - 1984)"
"BFG","Million Air (1986 - 2002)"
"BFQ","Buffalo Airways Inc. (1984 - 1996)"
"BG","Biman Bangladesh Airlines (1993 - )"
"BGQ","Airbus Transport Internat'l (1998 - 2017)"
"BHK","Blackhawk Airways Inc. (1960 - 2002)"
"BHO","Bighorn Airways Inc. (1960 - 2002)"
"BHQ","Turks Air Ltd. (1981 - 1989)"
"BIA","Big Island Air (1985 - 2002)"
"BIQ","Servicios Aeronauticos Z S.A. De C.V. (2005 - )"
"BIR","Birchwood Air Service (1960 - 2002)"
"BJQ","Taxirey S.A. De C.V. (2005 - )"
"BKR","Baker Aviation Inc. (1984 - 2003)"
"BLQ","Air Bvi Limited (1981 - 1989)"
"BM","Belize Air International Ltd. (1987 - 1994)"
"BMJ","Bemidji Airlines (1981 - 2005)"
"BMT","Bremerton Aviation Inc. (1960 - 2002)"
"BN","Braniff Inc. (1984 - 1989)"
"BN","Britannia Airways GmbH (1998 - 1999)"
"BNQ","NetJets Large Aircraft Company L.L.C. (2004 - 2010)"
"BNQ","BNJ Charter Company (2002 - 2004)"
"BOA","Boise Air Service (1960 - 2002)"
"BOI","Bo-S-Aire Airlines Inc. (1981 - 1986)"
"BOQ","Transp. Aereos Bolivianos (1981 - 1993)"
"BQ","Aeromar C. Por A. (1995 - 2000)"
"BR","Eva Airways Corporation (1992 - )"
"BR","Cal Air International Ltd. (1981 - 1992)"
"BRK","Barken International (1985 - 2002)"
"BRO","Brower Airways Inc. (1960 - 2002)"
"BRQ","Jmc (2000 - 2003)"
"BRQ","Thomas Cook Airlines Uk Ltd. (2003 - 2008)"
"BRQ","Caledonian Airways (1988 - 2000)"
"BRT","Continental Express (1987 - 1994)"
"BRT","Britt Airways Inc. (1960 - 1980)"
"BRW","Barrow Air (1985 - 1993)"
"BSA","Big Sky Airlines Inc. (1960 - 2005)"
"BTQ","Brasair Transportes Aereos (1995 - 1998)"
"BUH","Business Helicopters (1993 - 2002)"
"BUQ","Wrangler Aviation Inc. (1990 - 1993)"
"BUQ","Blue Bell Inc. (1983 - 1984)"
"BUR","Burlington Airways Inc. (1960 - 2002)"
"BW","British West Indian Airways (1981 - 2006)"
"BW","Caribbean Airlines Limited (2007 - )"
"BX","Air Busan (2015 - )"
"BXQ","Spantax S. A. (1981 - 1989)"
"BY","Britannia Airways Ltd. (1989 - )"
"BYA","Bay Air (1985 - 1987)"
"BZQ","Abaco Air, Ltd. (2005 - 2013)"
"C2","Challenge Air Cargo Inc. (1986 - 2001)"
"C5","Commutair Aka Champlain Enterprises, Inc. (2005 - )"
"C6","Canjet Airlines (2004 - )"
"C8","Chicago Express Airlines (2000 - 2005)"
"C8","Cargolux Italia SpA (2013 - )"
"CA","Air China (1981 - )"
"CAC","Coleman Air Transport (1960 - 2002)"
"CAF","California Seaboard (1985 - 2002)"
"CAI","Crawford Aviation Inc. (1960 - 2002)"
"CAM","C & M Airlines (1960 - 2002)"
"CAP","Metro Air Northeast N Y (1960 - 2002)"
"CAQ","Challenge Air Luftverkehrs GmbH (2005 - )"
"CAT","Catalina Airlines Inc. (1960 - 2002)"
"CAV","Air Virginia (1960 - 2002)"
"CAZ","CAT Aviation (2007 - )"
"CB","Air One Inc. (1983 - 1984)"
"CBA","Carriba Air Inc. (1960 - 2002)"
"CC","Air Atlanta Icelandic (1997 - )"
"CC","Air Atlanta Inc. (1984 - 1987)"
"CCA","Cityhop (1985 - 2002)"
"CCD","Cascade Airways Inc. (1960 - 1980)"
"CCO","Chester County Aviation (1987 - 2002)"
"CCQ","Capital Cargo International (1996 - 2004)"
"CDQ","Connie Kalitta Services (1989 - 1991)"
"CDQ","American International Airways Inc. (1991 - 1999)"
"CDQ","Kitty Hawk International (1999 - 2002)"
"CEA","Corporate Airlines (1997 - 2002)"
"CEN","Cen-Tex Airlines Inc. (1960 - 2002)"
"CEQ","All Canada Express (2002 - 2005)"
"CET","Century Airlines (Cal) (1960 - 2002)"
"CF","Compan. De Aviacion Faucett (1981 - 1998)"
"CGA","Chicago Airlines (1986 - 2002)"
"CGE","Chicago Express Airlines (1993 - 2000)"
"CGL","Viking International Airlines Inc. (1981 - 1996)"
"CGO","Chicago Air Taxi (1991 - 2002)"
"CGQ","Aerochago S.A. (1985 - 1993)"
"CH","Bemidji Airlines (2006 - )"
"CHA","Chautauqua Airlines Inc. (1960 - 2004)"
"CHD","Chandler Flyer (1960 - 2002)"
"CHE","Charter Airlines (1960 - 2002)"
"CHF","Hammonds Commuter Air Serv. (1960 - 2002)"
"CHI","Chitina Air Service (1960 - 1986)"
"CHL","Channel Flying Inc. (1960 - 1990)"
"CHO","Choi Aviation Inc. (1960 - 2002)"
"CHS","Christman Air System (1960 - 2002)"
"CHT","Charter One (1990 - 2002)"
"CI","China Airlines Ltd. (1981 - )"
"CIQ","A/S Conair (1982 - 1994)"
"CIS","Cal Sierra Airlines (1960 - 2002)"
"CJ","Colgan Airways Inc. (1981 - 1983)"
"CJQ","Air Caribbean (1981 - 1996)"
"CK","China Cargo Airline (2003 - )"
"CKI","Inlet Airlines (1960 - 1991)"
"CL","Capitol International Inc. (1960 - 1984)"
"CLB","Columbia Pacific Airlines (1989 - 2002)"
"CLD","Hawaii Pacific Helicopters (1985 - 2002)"
"CLF","California Air Shuttle (1990 - 2002)"
"CLQ","Aero Transcolombiana (1993 - 2000)"
"CM","Compania Panamena (Copa) (1986 - )"
"CMB","Combs Airways Inc. (1981 - 1986)"
"CMD","Command Airways Inc. (1960 - 1991)"
"CMI","Comair Inc. (1960 - 2000)"
"CMQ","Servicio De Carga Aerea Sa (1983 - 1989)"
"CMR","Commuter Airlines (Ca) (1985 - 2002)"
"CMT","Commutair Aka Champlain Enterprises, Inc. (1989 - 2005)"
"CNN","Centennial Airlines (1960 - 2002)"
"CO","Continental Air Lines Inc. (1960 - 2011)"
"COB","Cotton Belt Aviation Inc. (1960 - 2002)"
"COC","Cochise Airlines Inc. (1960 - 1984)"
"COK","Coker Aviation Inc. (1960 - 2002)"
"COL","Presidential Express (1960 - 1988)"
"COM","Commutair (1960 - 2002)"
"COR","Coral Air Inc. (1960 - 2002)"
"COS","Cosmopolitan Comm. Airline (1960 - 2002)"
"COT","Southeastern Commuter (1960 - 2002)"
"COU","Courtesy Air Service Inc. (1960 - 2002)"
"CP","Compass Airlines (2007 - )"
"CP","Canadian Airlines International Ltd. (1981 - 2001)"
"CPA","Capitol Air Lines (1960 - 2002)"
"CPC","Coastal Plains Commuter Inc. (1960 - 2002)"
"CPE","Cape Air (1989 - 2002)"
"CPQ","Capitol Air Express Inc. (1993 - 1994)"
"CPT","Capitol Air (1994 - 2002)"
"CQI","Conquest Airline Corp. (1990 - 1996)"
"CRA","Commuter Airlines (1960 - 2002)"
"CRB","Caribair (1994 - 2002)"
"CRE","Caribbean Express Inc. (1983 - 2002)"
"CRH","Cresent Medivac (1985 - 2002)"
"CRN","Crown Aviaiton Inc. (1960 - 2002)"
"CRO","Crown Airways Inc. (1960 - 2002)"
"CRP","Corporate Air (1990 - 2002)"
"CRQ","Conner Air Lines Inc. (1987 - 1989)"
"CRT","Crested Butte Air Service (1960 - 2002)"
"CRV","Acropolis Aviation Ltd. (2010 - )"
"CS","Continental Micronesia (1993 - 2010)"
"CSA","Casino Airlines (2000 - 2002)"
"CSK","Catskill Airways Inc. (1960 - 2002)"
"CSL","Central States Air Lines (1989 - 2002)"
"CSM","Chisum Flying Service (1985 - 1986)"
"CSN","Casino Airlines (1997 - 1999)"
"CSQ","Celtic Tech Jet Ltd. (2005 - )"
"CSY","Cape Smythe Air Service (1960 - 2003)"
"CTA","Century Airlines (1960 - 2002)"
"CTH","Cothron Aviation (1960 - 2002)"
"CTL","Coastal Air Transport (1985 - 2002)"
"CTQ","Custom Air Transport (1995 - 2007)"
"CTR","Chartair (1988 - 2002)"
"CUQ","Caicos Caribbean Airways (1985 - 1996)"
"CUS","Custom Air Service (1988 - 2002)"
"CV","Cargolux Airlines International S.A (1981 - )"
"CVA","Catalina-Vegas Airlines (1960 - 2002)"
"CVQ","Caraven S.A. (1991 - 1998)"
"CW","Air Marshall Islands Inc. (1990 - 1996)"
"CWQ","Canadian Aviation Express (1989 - 1989)"
"CX","Cathay Pacific Airways Ltd. (1986 - )"
"CXQ","Casino Express (1989 - 1991)"
"CYQ","Corse Air International (1988 - )"
"CZ","Cascade Airways Inc. (1980 - 1985)"
"CZ","China Southern Airlines (1997 - )"
"CZQ","Aviation Concepts (2004 - 2008)"
"D7","Air Asia X Berhad dba Airasia X (2015 - )"
"D8","Norwegian Air International Ltd. (2017 - )"
"DA","Dan Air Services (1981 - 1989)"
"DAN","Danbury Airlines (1960 - 2002)"
"DAU","Dauphin Island Airways (1980 - 2002)"
"DC","Caribbean Air Cargo Co Ltd. (1985 - 1992)"
"DE","Condor Flugdienst (1997 - )"
"DEA","Downeast Airlines Inc. (1960 - 2002)"
"DEC","Decatur Aviation (1960 - 2002)"
"DFQ","Condor Flugdienst (1981 - 1997)"
"DFS","Downeast Flying Service (1995 - 2002)"
"DH","Atlantic Coast Airlines (2002 - 2004)"
"DH","Discovery Airways Inc. (1990 - 1990)"
"DH","Independence Air (2004 - 2005)"
"DHL","DHL Airlines Inc. (1960 - 2002)"
"DHQ","DHL Aero Expresso (1996 - )"
"DI","Norwegian Air UK Limited (2018 - )"
"DIA","Drummond Island Air (1990 - 2002)"
"DIC","Dickman Aviation Services (1960 - 2002)"
"DIR","Northern Star (1981 - 2002)"
"DL","Delta Air Lines Inc. (1960 - )"
"DM","Maersk Air I/S (1981 - 1989)"
"DO","Compania Dominicana De Avia (1981 - 1994)"
"DOL","Dolphin Airways Inc. (1981 - 2002)"
"DOQ","Aerolineas Dominicanas S A (1981 - 1989)"
"DPA","Desert Pacific Airways (1960 - 2002)"
"DPI","Desert Pacific Airlines Inc. (1960 - 2002)"
"DQQ","Caribwest Airways Ltd. (1981 - 1989)"
"DRQ","Apa International Air S.A. (1983 - 1990)"
"DSA","Desert Sun Airlines (1982 - 2002)"
"DST","Desert Airlines (1960 - 2002)"
"DUL","Dulles Express (1991 - 2002)"
"DUZ","Summit Airlines Inc. (1981 - 1986)"
"DVO","Devoe Airlines (1981 - 2002)"
"DWN","Dawn Air (1991 - 2002)"
"DXA","Dolphin Express (1994 - 2002)"
"DY","Norwegian Air Shuttle ASA (2013 - )"
"E0","EOS Airlines, Inc. (2005 - 2008)"
"E7","Estafeta Carga Aereas (2002 - )"
"E72","European Aviation Air Charter (2002 - )"
"E8","USAfrica Airways Inc. (1994 - 1995)"
"E9","Boston-Maine Airways (2003 - 2008)"
"E9","Evelop Airlines SL (2017 - )"
"EA","Eastern Air Lines Inc. (1960 - 1991)"
"EAI","Executive Aviation Inc. (1960 - 2002)"
"EAQ","Executive Airlines, SL (2006 - )"
"EAS","Eastern Caribbean Airways (1960 - 2002)"
"EAT","Eastman Airways Inc. (1983 - 2002)"
"EBQ","Execaire Aviation Ltd. (1981 - 1989)"
"ECA","Eagle Airlines (1960 - 1991)"
"ECI","Eastern Carolina Aviation (1960 - 2002)"
"ECL","Eclipse Airlines (1993 - 1995)"
"ECQ","Trans American Charter (1993 - 1995)"
"ECR","East Coast Airways (1987 - 2002)"
"ED","Andes (1981 - 1997)"
"EDE","Ede Aire (1960 - 2002)"
"EE","Eastern Airlines Group Inc. (2015 - 2017)"
"EET","Exec Express II (1988 - 1999)"
"EEX","Exec Express (1985 - 2002)"
"EEZ","Eagle Aviation Inc. (1981 - 1986)"
"EFA","Executive Four Winds (1960 - 2002)"
"EFQ","Trans Europ. Airways France (1991 - 1992)"
"EGA","Eagle Airline (1985 - 1996)"
"EGC","Eagle Canyon Airlines (1995 - 2001)"
"EGC","Eagle Canyon Airlines d/b/a Scenic Airlines (2002 - 2002)"
"EGJ","Eagle Jet Charter (1996 - 2002)"
"EGL","Eagle Commuter Airlines Inc. (1960 - 2002)"
"EH","Saeta Airlines (1988 - 2002)"
"EHA","East Hampton Aire Inc. (1960 - 2002)"
"EI","Aer Lingus Plc (1982 - )"
"EIA","East. Indiana Aviation Sale (1960 - 2002)"
"EJQ","Aeroejecutivos C.A. (1990 - 1995)"
"EK","Emirates (2004 - )"
"EKA","Air Pacific Inc. (1960 - 2002)"
"ELL","Ellis Air Taxi Inc. (1984 - )"
"EM","Empire Airlines Inc. (1993 - )"
"EMA","Emerald Airlines (1960 - 1991)"
"EME","Metro Express (1984 - 2002)"
"EMP","Empire Airlines Inc. (1960 - 2002)"
"ENT","Enterprise Airlines Inc. (1985 - 2002)"
"EOQ","Aeroservicios Ecuatorianos (1982 - 1997)"
"EP","All Star Airlines Inc. (1983 - 1985)"
"EPA","Empire Airlines Inc. (1984 - 1992)"
"EQ","Tame Linea Aerea del Ecuador Tme EP (2013 - )"
"ER","Astar Air Cargo Inc. (2003 - 2010)"
"ER","Astar USA, LLC (2011 - 2012)"
"ER","DHL Airways (1992 - 2003)"
"ERA","Era Aviation (1983 - 2003)"
"ERI","Erie Airways Inc. (1960 - 2002)"
"ERO","Empire Aero Service (1960 - 2002)"
"ERQ","Aero Trades (Western) Ltd. (1981 - 1989)"
"ESQ","Seagreen Air Transport (1981 - 2001)"
"ET","Ethiopian Airlines (1998 - )"
"EU","Empresa Ecuatoriana De Avia (1981 - 1993)"
"EU","Ecuatoriana De Aviacion (1996 - 2000)"
"EUQ","Air Atlanta Europe (2004 - 2006)"
"EV","ExpressJet Airlines Inc. (2012 - 2019)"
"EV","Atlantic Southeast Airlines (1993 - 2011)"
"EV","ExpressJet Airlines LLC (2019 - )"
"EVA","Evanston Aviation (1960 - 2002)"
"EVQ","Aeroejecutivo S.A. (1990 - 1997)"
"EW","Eurowings GmbH (2016 - )"
"EWA","Rio Grande Air (1999 - 2004)"
"EXA","Columbia Pacific Airlines (1960 - 2002)"
"EXC","Hapag-Lloyd Executive GmbH (2010 - 2014)"
"EXC","Executive Charter (1983 - 1986)"
"EXP","Express Airlines II (1993 - 2002)"
"EXQ","Export Air Del Peru S.A. (1993 - 1998)"
"EXR","Executive Transport (1986 - 2002)"
"EXT","Executive Air Charter (1985 - 1990)"
"EY","Etihad Airways (2006 - )"
"EZ","Evergreen International Inc. (1979 - 2013)"
"F2","Omega Air Holdings d/b/a Focus Air (2005 - 2008)"
"F8","Freedom Airlines d/b/a HP Expr (2002 - 2010)"
"F9","Frontier Airlines Inc. (1994 - )"
"FAA","Falwell Aviation Inc. (1981 - 1986)"
"FAC","Falcon Airways Inc. (1981 - 1986)"
"FAQ","Fast Air Carrier Ltd. (1981 - 1989)"
"FAR","Federal Armored Service Inc. (1960 - 2002)"
"FB","Translift Airways Limited (1992 - 1994)"
"FBI","Young Flying Service (1960 - 2002)"
"FC","Fast Colombia SAS d/b/a Viva Colombia (2015 - 2019)"
"FCA","Southern Airlines Inc. (1960 - 2002)"
"FCQ","Falcon Air Express (1996 - 2015)"
"FD","Great American Airways (1980 - 1986)"
"FD","Air Puerto Rico Airlines (1986 - 1987)"
"FDA","Florida Airlines Inc. (1960 - 2002)"
"FDM","Freedom Airlines Inc. (1960 - 2002)"
"FDQ","Great American Airways (1986 - 1997)"
"FE","Primaris Airlines Inc. (2003 - 2008)"
"FED","Federal Express Corporation (1981 - 1985)"
"FF","Tower Air Inc. (1983 - 2000)"
"FFQ","Five Star Airlines (1985 - 1989)"
"FFS","Frontier Flying Service (1981 - 2003)"
"FGS","Flagship Airlines Inc. (1991 - 1997)"
"FH","Frontier Horizon Inc. (1984 - 1985)"
"FI","Icelandair (1981 - )"
"FJ","Air Pacific Ltd. (1981 - 1989)"
"FJ","Air Pacific Ltd. (1994 - )"
"FL","AirTran Airways Corporation (1994 - 2014)"
"FL","Frontier Airlines Inc. (1960 - 1986)"
"FLA","Florida Air (1992 - 2002)"
"FLM","Flamenco Airways Inc. (1960 - 2002)"
"FLR","Flirite Inc. (1985 - 1986)"
"FM","Federal Express Corporation (1986 - 1996)"
"FNQ","Fine Airlines Inc. (1992 - 2000)"
"FOR","Ford-Aire Inc. (1960 - 2002)"
"FOS","Foster Aviation (1960 - 2002)"
"FP","TAG Aviation S.A. (2008 - )"
"FQ","Air Aruba (1990 - 2000)"
"FRA","Freedom Air (1960 - 2014)"
"FRS","Four Star Aviation (1993 - 2002)"
"FRT","Frontier Commuter (1984 - 2002)"
"FRW","Farwest Airlines (2000 - 2002)"
"FS","Serv De Trans Aereos Fuegui (1995 - 2001)"
"FSA","F.S. Air Service (1992 - 2004)"
"FT","Flying Tiger Line Inc. (1960 - 1989)"
"FTI","Southern Airways (1978 - 1979)"
"FVA","Skycraft Inc. (1960 - 2002)"
"FW","Skybus Inc. (1985 - 1986)"
"FWA","Far West Airlines (1960 - 2002)"
"FX","Federal Express Corporation (1996 - )"
"FYB","Flying Boat (1991 - 2002)"
"FYQ","Flying Group Lux S.A. (2018 - )"
"G3","Aerochago S.A. (1993 - 2000)"
"G3","VRG Linhas Aereas S A (2012 - )"
"G4","Allegiant Air (2000 - )"
"G7","GoJet Airlines LLC d/b/a United Express (2005 - )"
"G9","Grant Aviation (2003 - 2005)"
"GA","P.T. Garuda Indonesian Arwy (1985 - 1998)"
"GAL","Galena Air Service (1986 - 1989)"
"GAQ","Galaxy Airlines Inc. (1983 - 1987)"
"GAS","General Aviation Inc. (1960 - 2002)"
"GAT","Gulf Air Taxi (1990 - 2001)"
"GAV","Gromer Aviation Inc. (1960 - 2002)"
"GBA","Central States Airline (1960 - 2002)"
"GBQ","G5 Executive Ag (2002 - 2015)"
"GCA","Golden Carriage Aire (1960 - 2002)"
"GCH","Grand Canyon Helicopters (1983 - )"
"GCQ","General Air Cargo (1991 - 1993)"
"GCQ","Glock Aviation GmbH (2018 - )"
"GCS","Midway Commuter (1960 - 2002)"
"GD","Transp. Aereos Ejecutivos (1993 - 2001)"
"GDW","Golden West Airlines Inc. (1996 - 2002)"
"GE","Lufthansa Cargo Airlines (1981 - 1996)"
"GEQ","Gestair, S.A. (2019 - )"
"GF","Gulf Air Company (1994 - 1997)"
"GF","Gulf Air Transport Inc. (1981 - 1990)"
"GFC","Gulf Flite Center (1990 - 2002)"
"GFQ","Gulf And Caribbean Cargo (1998 - )"
"GG","Cargo 360, Inc. (2006 - 2007)"
"GG","Tropical Airways Inc. (1988 - 1988)"
"GG","Grenada Airways Ltd. (1986 - 1989)"
"GH","Ghana Airways Corporation (1994 - 2004)"
"GHA","Green Hills Aviation Ltd. (1960 - 2002)"
"GIQ","Global International Airways Corp. (1981 - 1985)"
"GJ","Eurofly S.p.A (2006 - 2010)"
"GJ","Mexicargo (1996 - 1998)"
"GKQ","Laker Airways (1981 - 1989)"
"GL","Miami Air International (2004 - )"
"GLA","Great Lakes Aviation Ltd. (1982 - 2003)"
"GLF","Gulfstream Int (1990 - 2004)"
"GLQ","Allegiant Air (1998 - 2000)"
"GLW","Golden West Airlines Co. (1960 - 1985)"
"GM","Air America (1988 - 1990)"
"GMA","Green Mountain Airlines Ltd. (1960 - 2002)"
"GOF","Copper State Airlines (1960 - 2002)"
"GPA","GP Express Airlines (1985 - 2002)"
"GQ","Big Sky Airlines Inc. (2006 - 2008)"
"GR","Gemini Air Cargo Airways (1996 - 2008)"
"GRA","Gorda Aero Service (1994 - 2002)"
"GRD","Grand Canyon Airlines (1983 - 2002)"
"GRO","Isle Royale Seaplane Serv. (1960 - 2002)"
"GRT","Grant Aviation (1994 - 2003)"
"GS","Air Foyle Limited (1992 - 2001)"
"GS","Grant Aviation (2005 - 2006)"
"GSA","Golden Gate Airlines Inc. (1960 - 1984)"
"GSC","GCS Air Service (1988 - 2002)"
"GSL","Golden South Airlines Inc. (1960 - 2002)"
"GSQ","Global Supply System (2002 - )"
"GST","Golden State Airlines (1988 - 2002)"
"GU","Aviateca (1981 - 2000)"
"GU","Aviateca, S.A. (2018 - )"
"GUL","Gull Air Inc. (1960 - 2002)"
"GUN","Gunnel Aviation Inc. (1960 - 2002)"
"GV","Grant Aviation (2007 - )"
"GW","Central American Airlines (1990 - 1994)"
"GW","SkyGreece Airlines S A (2015 - )"
"GWA","Great Western Aviation (1991 - 2002)"
"GWE","Ross Aviation Inc. (1960 - 2002)"
"GX","Air Ontario Limited (1982 - 1989)"
"GY","Guyana Airways Corporation (1981 - 2001)"
"H2","City Bird (1997 - 2000)"
"H5","Magadan Airlines (1997 - 2005)"
"H6","Hageland Aviation Service (2003 - )"
"H7","Venture Travel LLC d/b/a Taquan Air Service (2003 - 2004)"
"HA","Hawaiian Airlines Inc. (1960 - )"
"HAG","Hageland Aviation Service (1986 - 2003)"
"HAQ","Hapag Lloyd Flug. (1983 - 2001)"
"HAR","Friendship Air Alaska (1982 - 1990)"
"HB","Homer Air (2005 - 2015)"
"HB","Air Club International (1994 - 1997)"
"HBQ","Harris Air Services (2005 - )"
"HCQ","Av Atlantic (1992 - 1997)"
"HEL","Helitrans (1986 - 2002)"
"HEP","Hub Express (1987 - 2002)"
"HER","Markair Express (1983 - 1997)"
"HET","Helitac Aviation (1987 - 2002)"
"HEU","Heussler Air Service Corp (1960 - 2002)"
"HFQ","Haiti Air Freight Intl (1987 - 1998)"
"HFS","Hensley Flying Service Inc. (1960 - 2002)"
"HIQ","Business Flights Ltd. (1981 - 1989)"
"HJ","Air Haiti S. A. (1981 - 1993)"
"HK","South Pacific Island Airway (1981 - 1987)"
"HK","Time Air Sweden Ab (1992 - 1993)"
"HLQ","Heavylift Cargo Airlines Lt (1981 - )"
"HMZ","Long Island Airlines (1960 - 2002)"
"HNA","Piedmont Airlines (1960 - 2005)"
"HNS","Haines Airways (1986 - 2002)"
"HO","Mid Pacific Airlines Inc. (1985 - 1987)"
"HOL","Holiday Airlines Inc. (1960 - 2002)"
"HOQ","Holidair Airways (1989 - 1989)"
"HOR","Iowa Airlines (1960 - 2002)"
"HOZ","Horizon Air (1960 - 1984)"
"HP","America West Airlines Inc. (1983 - 2007)"
"HPZ","Pacific Coast Airlines (1960 - 2002)"
"HQ","Harmony Airways (2004 - 2007)"
"HQ","Hmy Airways Inc. (2002 - 2004)"
"HQ","Business Express (1992 - 1996)"
"HQQ","Harlequin Air Corporation (1998 - 2004)"
"HRA","Trans-National Airlines Haw (1960 - 2002)"
"HRG","Heritage Airlines (1989 - 1990)"
"HRQ","Tar Airlines (1981 - 1989)"
"HRZ","Allegheny Airlines (1960 - 2004)"
"HSV","Harbor Air Service (1985 - 1994)"
"HSZ","Scenic Airlines Inc. (1960 - 2002)"
"HU","Northern Air Cargo Inc. (1982 - 1996)"
"HU","Hainan Airlines Company Limited (2008 - )"
"HUB","Skystream Airlines (1960 - 2002)"
"HVQ","Transavia Holland B. V. (1981 - 1989)"
"HWK","Hawking Corporation (1960 - 2002)"
"HX","Guy-America Airways Inc. (1981 - 1983)"
"HX","Hong Kong Airlines Limited (2016 - )"
"HY","Uzbekistan Airways (1995 - )"
"HYA","Hyannis Aviation (1960 - 2002)"
"I4","Scott Air LLC dba Island Air Express (2015 - )"
"IA","Iraqi Airways (1988 - 1989)"
"IAS","Island Air Service (1999 - 2003)"
"IAT","Iliamna Air Service (1960 - 2001)"
"IAT","Iliamna Air Taxi (2002 - 2003)"
"IB","Iberia Air Lines Of Spain (1981 - )"
"ICF","Iowa City Flying Service (1960 - 2002)"
"ICH","Island Air Charters (1994 - 1994)"
"ICQ","Iscargo Hf (1981 - 1989)"
"IDQ","Intl Air Service Co. Ltd. (1983 - 1989)"
"IEX","Island Air Express (1985 - 2002)"
"IFQ","FAI rent-a-jet AG (2011 - )"
"IG","Airitaly S.P.A. (2018 - )"
"IG","Meridiana S.p.A (2010 - 2018)"
"IGA","Global Jet Austria, GmbH (2007 - )"
"III","Idee Industries Inc. (1960 - 2002)"
"IJ","Great Wall Airlines Company Limited (2008 - 2011)"
"IJ","Air Liberte Aka Aom Minerve (2001 - 2001)"
"IKQ","Tradewinds Airways Ltd. (1981 - 1989)"
"ILL","Air Illinois Inc. (1960 - 1982)"
"IMP","Imperial Airlines Inc. (1960 - 1987)"
"IN","Aerlinte Eireann Teoranta (1981 - 1989)"
"INA","Inland Empire Airlines Inc. (1960 - 2002)"
"IND","Indiana Airways Inc. (Pa) (1960 - 2002)"
"INL","Inland Aviation Services (1999 - 2003)"
"INQ","Independent Air Inc. (1984 - 1991)"
"IOW","Iowa Airways (1985 - 2002)"
"IPI","Indo-Pacific International (1960 - 2002)"
"IPQ","Aruba Cargo (1990 - 1992)"
"IPS","Island Express (1991 - 2002)"
"IR","Iran National Airlines Corp (1981 - 1989)"
"IRQ","Interstate Airlines Inc. (1985 - 1988)"
"ISL","Island Airlines (1960 - 2002)"
"ITQ","Interamericana De Aviacion (1990 - 1997)"
"IW","Aom Minerve S.A. (1993 - 2001)"
"IW","Best Airlines Inc. (1982 - 1985)"
"IW","Air Liberte Aka Aom Minerve (2001 - 2002)"
"IXQ","Inair (1981 - 1989)"
"J2","Azerbaijan Airlines CJSC (2014 - )"
"J5","Alaska Seaplane Service (2003 - 2013)"
"J5","Kalinin Aviation LLC d/b/a Alaska Seaplanes (2013 - )"
"J6","Larrys Flying Service (2003 - 2004)"
"J7","Valujet Airlines Inc. (1993 - 2000)"
"JAG","JetAlliance Flugbetriebs d/b/a JAF Airservice (2008 - )"
"JAM","Sunbelt Airlines Inc. (1960 - 2002)"
"JAQ","Jamaica Air Freighters (1997 - 2000)"
"JB","Helijet International Inc. (2002 - )"
"JCM","Air Chico (1960 - 2002)"
"JCQ","Jet Connection Businessflight Ag (2003 - 2008)"
"JCZ","Rocky Mountain Airways Inc. (1960 - 1990)"
"JD","Japan Air System Co. Ltd. (1989 - 1997)"
"JD","Beijing Capital Airlines (2017 - )"
"JER","Jer-Don Air (1960 - 2002)"
"JF","L.A.B. Flying Service Inc. (2003 - 2008)"
"JH","Amerijet International (1987 - 1998)"
"JI","Midway Airlines Inc. (1994 - 2003)"
"JI","Jade Cargo International (2007 - )"
"JIQ","Jet Fleet Intl. Airlines (1983 - 1992)"
"JJ","Transportes Aeros Meridiona (1998 - )"
"JK","Sunworld International Airways Inc. (1983 - 1988)"
"JK","Spanair S.A. (1991 - 2001)"
"JKQ","Express One International Inc. (1985 - 2004)"
"JL","Japan Air Lines Co. Ltd. (1981 - )"
"JM","Air Jamaica Limited (1981 - 2011)"
"JMA","Jim Air Inc. (1997 - 2002)"
"JN","Excel Airways (2005 - 2008)"
"JO","Jalways Co. Ltd. (1999 - 2010)"
"JQ","Jetstar Airways Pty Limited (2006 - )"
"JR","Aero California (1989 - )"
"JTA","Jetaire Airlines Inc. (1985 - 2002)"
"JU","Yugoslav Airlines (1981 - 1992)"
"JU","Air Serbia (2016 - )"
"JW","Arrow Air Inc. (1981 - 2010)"
"JX","Sun Jet International Inc. (1993 - 1997)"
"JX","Jes Air Ltd. (1991 - 1993)"
"JX","Southeast Airlines (1999 - 2004)"
"JXQ","Allarco Developments Ltd. (1981 - 1989)"
"JZ","Japan Air Charter Co. Ltd. (1991 - 1999)"
"K2","Paklook Air, Inc d/b/a/ Airlift Alaska d/b/a/ Yute Commuter Service (2017 - )"
"K2","Paklook Air, Inc d/b/a/ Airlift Alaska (2017 - 2017)"
"K3","Venture Travel LLC d/b/a Taquan Air Service (2004 - )"
"K5","Seaport Airlines, Inc. (2016 - 2016)"
"K5","SeaPort Airlines, Inc. d/b/a Wings of Alaska (2011 - 2015)"
"K5","Wings Of Alaska (2003 - 2010)"
"K7","Arizona Express (2005 - 2005)"
"K8","Dutch Caribbean Airlines (2002 - 2004)"
"K8","Caribbean Sun Airlines, Inc. d/b/a World Atlantic Airlines (2010 - 2017)"
"KA","Hong Kong Dragonair (1990 - )"
"KAH","Kenmore Air Harbor (1985 - )"
"KAI","Knight Airlines Inc. (1960 - 2002)"
"KAQ","Kalitta Air LLC (2000 - )"
"KAT","Katmai Air (1994 - )"
"KB","Haiti Air (1985 - 1989)"
"KD","Western Global (2014 - )"
"KE","Korean Air Lines Co. Ltd. (1981 - )"
"KEA","Keene Airways (1992 - 2002)"
"KEE","Key Airlines (1960 - 2002)"
"KEQ","Key Airlines Inc. (1984 - 1992)"
"KET","Ketchikan Air Service (1987 - 1998)"
"KFQ","Skyfirst Limited (2018 - )"
"KFS","King Flying Service (1985 - 1989)"
"KH","Aloha Air Cargo (2008 - )"
"KI","Time Air Ltd. (1988 - 1997)"
"KIN","Golden Pacific Airlines (1981 - 2002)"
"KKQ","Transmeridian Air Cargo Ltd. (1981 - 1989)"
"KL","Klm Royal Dutch Airlines (1981 - )"
"KLQ","Kalitta Charters II (2004 - )"
"KM","Air Malta (2000 - 2000)"
"KN","Morris Air Corporation (1992 - 1994)"
"KO","Alaska Central Express (2003 - )"
"KOD","Kodiak Airways Inc. (1983 - 2002)"
"KP","Kiwi International (1992 - 2000)"
"KQ","Kenya Airways PLC (2018 - )"
"KR","Kitty Hawk Aircargo (1994 - 2008)"
"KR","Kar-Air Oy (1981 - 1989)"
"KS","Peninsula Airways Inc. (2006 - )"
"KTQ","Turks Air Ltd. (1992 - )"
"KU","Kuwait Airways Corp. (1982 - )"
"KV","Sky Regional Airlines Inc. (2017 - )"
"KW","Pacific Interstate Airlines (1989 - 1991)"
"KW","Carnival Air Lines Inc. (1991 - 1998)"
"KWQ","Kelowna Flightcraft Air Cha (1981 - 1989)"
"KWZ","Crown Air (1960 - 2002)"
"KX","Cayman Airways Limited (1990 - )"
"KXQ","Cayman Airways Limited (1981 - 1990)"
"KXZ","Chaparral Airlines Inc. (1960 - 2002)"
"KZ","Nippon Cargo Airlines (1988 - )"
"L2","Lynden Air Cargo Airlines (1997 - )"
"L3","Lynx Aviation d/b/a Frontier Airlines (2009 - 2011)"
"L4","Lynx Aviation d/b/a Frontier Airlines (2008 - 2009)"
"L7","Lan Colombia (2009 - )"
"LA","Lan-Chile Airlines (1981 - )"
"LAA","La Skycab Airline (1985 - 2002)"
"LAB","L.A.B. Flying Service Inc. (2002 - 2003)"
"LAH","La Helicopter (1986 - 2002)"
"LAN","Lancer Aviation Inc. (1960 - 2002)"
"LAP","Lapsa (1990 - 2002)"
"LAR","Laredo Air (1988 - 2002)"
"LAS","Lake Union Air Service (1982 - 2002)"
"LAW","Lawrence Aviation (1960 - 2002)"
"LB","Lloyd Aereo Boliviano S. A. (1981 - 2007)"
"LBQ","Millon Air Inc. (1985 - 1997)"
"LC","Lineas Aereas Del Caribe (1981 - 1996)"
"LC","Varig Logistica S/A (2005 - )"
"LC","Legend Airlines (2000 - 2000)"
"LCQ","Latcr (1990 - 1993)"
"LCT","Lake Coastal (1987 - 2002)"
"LDM","Laudamotion GmbH (2016 - )"
"LDQ","Laudamotion Executive (2018 - )"
"LEQ","Le Point Air (1985 - 1989)"
"LEX","L'Express (1990 - 2002)"
"LF","CFM Inc d/b/a Contour Airlines (2016 - 2017)"
"LF","Jettrain Airlines (1996 - 1997)"
"LF","CFM Inc d/b/a Contour Airlines d/b/a One Jet Shuttle (2018 - )"
"LFS","Larrys Flying Service (1986 - 2003)"
"LG","Luxair (1999 - 2003)"
"LGQ","Lineas Aereas Allegro (1993 - 2003)"
"LH","Lufthansa German Airlines (1981 - )"
"LHA","Havasu Airlines (1960 - 2002)"
"LIQ","Liat (1974) Limited (1981 - 1989)"
"LJ","Jin Air Co Ltd. (2010 - )"
"LKN","Loken Aviation (1991 - 1995)"
"LLA","Lakeland Aviation (1960 - 2002)"
"LM","Alm Antillean Airlines (1981 - 2002)"
"LNQ","Aerolineas Latinas (1990 - 1998)"
"LO","Polskie Linie Lotnicze (1981 - )"
"LOQ","Lorair Ltd. (1999 - 2000)"
"LOS","Aero Commuter (1960 - 2002)"
"LP","The Hawaii Express Inc. (1982 - 1983)"
"LP","Lan Peru Airlines (1999 - )"
"LR","Lacsa (1981 - )"
"LRQ","Air Liberte (1990 - 1996)"
"LS","Jet2.com (2008 - )"
"LSQ","Lineas Aereas Suramerican (1993 - 2002)"
"LSZ","Alaska Island Air Inc. (1983 - 2000)"
"LT","Luftransport-Unternehmen (1981 - 2009)"
"LU","Air Atlantic Dominicana (1997 - 1998)"
"LUQ","Lineas Aereas La-Tur Sa (1988 - 1991)"
"LV","Linea Aeropostal Venezolana (1990 - 1994)"
"LV","OPENSKIES SAS (2018 - )"
"LVA","Las Vegas Airlines (1960 - 2002)"
"LW","Pacific Wings Airlines (2006 - 2015)"
"LX","Swiss International Airlines (2002 - )"
"LXQ","Translux Intl Airlines (1998 - 2001)"
"LXQ","Luxaviation Germany GmbH (2018 - )"
"LY","El Al Israel Airlines Ltd. (1981 - )"
"LZ","Balkan Bulgarian Airlines (1992 - 1999)"
"LZQ","Leisure International Airways Ltd. (1993 - 1996)"
"M3","ABSA-Aerolinhas Brasileiras (1998 - )"
"M6","Amerijet International (1998 - )"
"M7","Aerotransportes Mas De Crga (2005 - )"
"MA","Malev Hungarian Airlines (1993 - )"
"MAA","Maui Airlines (1985 - 2002)"
"MAC","Mackey International Inc. (1960 - 1982)"
"MAE","Mid-Atlantic Exp. Airlines (1983 - 2002)"
"MAG","Magum Airlines (1960 - 2002)"
"MAI","The Maui Commuter (1960 - 2002)"
"MAQ","Millardair Limited (1981 - 1989)"
"MAR","Marshall's Air Inc. (1960 - 2002)"
"MAS","Mesa Airlines Inc. (1983 - 1995)"
"MAV","Maverick Airways (1996 - 1998)"
"MAX","Maxair Inc. (1960 - 2002)"
"MB","Samoa Airlines Inc. (1985 - 1985)"
"MC","Transtar Airlines Corp. (1981 - 1987)"
"MCO","Mid Continental Airlines In (1960 - 2002)"
"MDC","Midcontinent Airlines (1986 - 2002)"
"MDQ","Aerotransportes Mas De Crga (1992 - 1992)"
"MDU","Metro Airlines (1960 - 2002)"
"ME","Middle East Airlines S.A.L. (1983 - 1989)"
"MEA","Manhattan Express (1989 - 2002)"
"MES","Mesaba Airlines (1960 - 1997)"
"MET","Metroplex Airlines (1960 - 2002)"
"MEX","Metro Express 11 (1985 - 2002)"
"MF","Xiamen Airlines Co., Ltd. (2016 - )"
"MG","Champion Air (1996 - 2008)"
"MG","MGM Grand Air Inc. (1987 - 1996)"
"MGQ","Montana Austria Flugetrieb (1981 - 1989)"
"MH","Malaysian Airline System (1986 - )"
"MHK","Mohawk Airlines (1989 - 2002)"
"MHO","Mahalo Air (1994 - 1998)"
"MIN","Minuteman Aviation Inc. (1982 - 2002)"
"MIS","Midstate Airlines Inc. (1960 - 1990)"
"MIW","Airborne Express Inc. (1981 - 2004)"
"MIY","Midway Aviation Inc. (1960 - 2002)"
"MJ","Lapa-Lineas Aereas Privadas (1999 - 2002)"
"MKQ","Airmark Corporation (1984 - 1985)"
"ML","Midway Airlines Inc. (1979 - 1991)"
"ML","Aero Costa Rica (1992 - 1997)"
"MLL","Miller Air Transportersinc (1960 - 2002)"
"MLX","Merlin Express (1995 - 2002)"
"MM","Euro Atlantic Airways (2004 - 2009)"
"MM","Sociedad Aeronautica De Med (1981 - 1989)"
"MMH","Ocean Airways Inc. (1960 - 2002)"
"MMQ","Miami Air International (1991 - 2004)"
"MNA","M & N Aviation (1997 - 2002)"
"MNZ","Cumberland Airlines (1960 - 2002)"
"MOQ","Morningstar Air Express (2004 - )"
"MP","Martinair Holland N.V. (1998 - )"
"MPA","Mid Pacific Airlines Inc. (1960 - 1988)"
"MPC","Mid Pacific Air Corp. (1988 - 1996)"
"MQ","Envoy Air (2014 - )"
"MQ","Simmons Airlines (1991 - 1998)"
"MQ","American Eagle Airlines Inc. (1998 - 2014)"
"MRC","Marco Island Airways Inc. (1960 - 1986)"
"MRQ","Murray Air (2004 - 2007)"
"MRQ","National Air Cargo Group, Inc. d/b/a Murray Air (2008 - 2015)"
"MRR","Merrimack Aviation Inc. (1960 - 2002)"
"MS","Egyptair (1985 - )"
"MSQ","Martinair Holland N.V. (1986 - 1997)"
"MST","Midwest Aviation (1960 - 2002)"
"MT","Flying Colours Airlines Ltd. (1997 - 1997)"
"MT","Thomas Cook Airlines Uk Ltd. (2008 - )"
"MTA","Arkansas Traveler Airline (1960 - 2002)"
"MTR","Metroflight Airlines (1960 - 2002)"
"MTV","Mst Aviation (1987 - 2002)"
"MTX","Mountain Air Express (1997 - 1998)"
"MU","Mcclain Airlines Inc. (1986 - 1987)"
"MU","China Eastern Airlines (1991 - )"
"MUA","Manu'a Air Transport (1982 - 2002)"
"MUQ","Aerolineas Mundo (1988 - 1999)"
"MVA","Mississippi Valley Airlines (1960 - 1989)"
"MVQ","Aom Minerve S.A. (1983 - 1993)"
"MW","Mokulele Flight Services, Inc. (2013 - )"
"MWA","Mountain West Airlines (1985 - 2002)"
"MX","Compania Mexicana De Aviaci (1981 - )"
"MY","Aerotransportes Mas De Crga (1992 - 2005)"
"MY","MAXjet (2005 - 2007)"
"MYQ","Lineas Aereas Mayas (Lamsa) (1990 - 2001)"
"MZ","P.N. Merpati Nusantara Air. (1981 - 1989)"
"N5","Skagway Air Service (2005 - 2007)"
"N5","Nations Air Express Inc. (1995 - 1999)"
"N6","Aero Continente (1999 - )"
"N7","National Airlines (1999 - 2002)"
"N8","National Air Cargo Group Inc d/ba National Airlines (2016 - )"
"NA","Executive Airlines (1990 - 1999)"
"NA","North American Airlines (2005 - 2014)"
"NAC","National Air Commuter Inc. (1960 - 2002)"
"NAP","Npa Inc. (1987 - 2002)"
"NAQ","Nationair (1987 - 1993)"
"NAS","Nasville Eagle (1988 - 1998)"
"NAT","National Air (1985 - 2002)"
"NB","Sterling Cargo (1999 - 2000)"
"NBQ","Sterling Airways A/S (1981 - 1993)"
"NC","Northern Air Cargo Inc. (1996 - )"
"NCA","National Commuter Airlines (1983 - 2002)"
"NCE","Northcoast Executive (1990 - 2002)"
"NCP","Colgan Air (1991 - 2002)"
"ND","Intair (1981 - 1991)"
"NEB","New Born Wings Inc. (1960 - 2002)"
"NEC","Nor East Commuter Airlines (1960 - 2002)"
"NEQ","North East Cargo Airlines (1996 - 1997)"
"NER","Northeast Express Regional (1990 - 1995)"
"NET","Nacnet (1997 - 2000)"
"NEV","Nevada Airlines (1960 - 2002)"
"NEW","New England Airlines Inc. (1960 - )"
"NEX","Northeast Express Regional (1992 - 1995)"
"NFA","National Florida Airlines (1981 - 2002)"
"NFQ","North Cariboo Flying Serv. (1981 - 1989)"
"NG","Lauda Air Luftfahrt Ag (1991 - 2001)"
"NGL","Northern Eagle Airways Inc. (1960 - 2002)"
"NH","All Nippon Airways Co. (1986 - )"
"NHA","Newair Flight Inc. (1960 - 2002)"
"NI","American International Airways Inc. (1982 - 1984)"
"NI","Lanica (1981 - 1989)"
"NJ","Vanguard Airlines Inc. (1994 - 2002)"
"NJA","N. J. Merrimack Airlines (1960 - 2002)"
"NJE","NetJets Transportes Aereos, S.A. (2006 - )"
"NK","Spirit Air Lines (1992 - )"
"NKQ","Norcanair (1981 - 1989)"
"NLQ","Nolinor Aviation (2003 - )"
"NN","Northward Airlines Ltd. (1981 - 1989)"
"NOQ","Novair Airlines Ab (1999 - 1999)"
"NPA","North Pacific Airlines Inc. (1985 - 1985)"
"NPT","E. J. A. Newport Inc. (1960 - 2002)"
"NQ","Air Japan Co (2001 - )"
"NRN","Northern Airlines Inc. (1982 - 2002)"
"NSQ","North Coast Air Services (1981 - 1989)"
"NTH","Northaire (1960 - 2002)"
"NTQ","National Aviation Consult. (1981 - 1989)"
"NTX","Grand Airways Inc. (1989 - 1994)"
"NUM","Lake State Airways (1960 - 2002)"
"NUQ","Air Niugini (1981 - 1989)"
"NVQ","Novair International Airways Ltd. (1990 - 1990)"
"NVX","Nevis Express (1999 - 2004)"
"NW","Northwest Airlines Inc. (1960 - 2009)"
"NWQ","N. W. Territorial Airways (1981 - )"
"NWS","Northwest Seaplanes (1993 - 2005)"
"NXQ","North Vancouver Air (2002 - 2003)"
"NY","New York Air Inc. (1980 - 1986)"
"NYH","New York Helicopter Corp. (1960 - 2002)"
"NZ","Air New Zealand (1990 - )"
"O6","Oceanair Linhas Aereas S A (2015 - )"
"OA","Olympic Airways (1981 - 2009)"
"OAK","Harbor Airlines Inc. (1960 - 2002)"
"OAS","Olson Air Service (1987 - 2003)"
"OB","Oasis International Airlines S.A. (1993 - 1996)"
"OC","Air California Inc. (1979 - 1987)"
"OCR","Ocean Reef Airways Inc. (1960 - 2002)"
"OD","Aerocondor (1981 - 1989)"
"OD","Emerald Airlines Inc. (1982 - 1991)"
"OE","Westair Airlines Inc. (1988 - 1993)"
"OF","Air Finland Ltd. (2007 - )"
"OFF","Offshore Logistics (1960 - 2002)"
"OG","Air Guadeloupe (1991 - 1993)"
"OGZ","Flying Boat Inc. (1960 - 2002)"
"OH","Comair Inc. (2000 - 2012)"
"OH","PSA Airlines Inc. (2015 - )"
"OHA","Omaha Aviation (1960 - 2002)"
"OHZ","Caribbean Air Services Inc. (1960 - 1986)"
"OI","Paradise Airways (1995 - 1996)"
"OI","Prestige Airways (1996 - 1997)"
"OIZ","Corporate Air Inc. (1960 - 2002)"
"OJ","Fly Jamaica Airways Limited (2012 - )"
"OK","Czechoslovak Airlines (1981 - 1999)"
"OK","Czech Airlines (1999 - )"
"OMH","Omniflight Helicopters (1986 - 2002)"
"OMI","Omniflight Airways (1985 - 2002)"
"OMK","Omak Aviation Airlines (1960 - 2002)"
"OMN","Omni Pacific Airline (1960 - 2002)"
"OMQ","Quassar De Mexico (1993 - 1995)"
"ON","Air Nauru (1981 - 2001)"
"ONQ","Nunasi-Central Airlines Ltd. (1981 - 1989)"
"OO","SkyWest Airlines Inc. (2003 - )"
"OOZ","Sun Aire Lines (1960 - 2002)"
"OP","Air Panama Internacional (1981 - 1994)"
"OP","Flying Boat Inc. (2002 - 2005)"
"OP","Pan American World Airways (1996 - 1997)"
"OPQ","Orion Air (1987 - 1989)"
"OQ","Royale Airlines Inc. (1984 - 1984)"
"OR","TUI Airlines Nederland B.V. (2006 - )"
"ORI","Orion Air Inc. (1960 - 1991)"
"OS","Austrian Airlines (1989 - )"
"OTT","Otter Air (1985 - 2002)"
"OV","Aeromaritime (1991 - 1991)"
"OW","Executive Airlines (1999 - 2013)"
"OWQ","Ontario Worldair Limited (1981 - 1989)"
"OWS","Air Kentucky Air Lines (1960 - 2002)"
"OZ","Ozark Air Lines Inc. (1960 - 1986)"
"OZ","Asiana Airlines Inc. (1991 - )"
"OZA","Ozark Air Lines Inc. (1999 - 2003)"
"P3","Cargologicair Limited (2016 - )"
"P9","Pro Air Inc. (1997 - 2000)"
"PA","Pan American World Airways (1998 - 1999)"
"PA","Pan American World Airways (1997 - 1998)"
"PA","Florida Coastal Airlines (2003 - 2005)"
"PA","Pan American World Airways (1960 - 1991)"
"PAI","Permian Airways Inc. (1960 - 2002)"
"PAM","Boston-Maine Airways (2001 - 2003)"
"PAQ","Patriot Airlines Inc. (1992 - 1994)"
"PAT","Panorama Air Tours (1983 - 2002)"
"PAV","Pacific Island Aviation (1992 - 2002)"
"PBA","Provincetown Boston (1960 - 2002)"
"PBQ","Privatair (2001 - )"
"PCA","Piasa Commuter Airlines (1960 - 2002)"
"PCL","Pacific Cal Air (1982 - 2002)"
"PCQ","Pace Airlines (1996 - 2009)"
"PCR","Pacair (1988 - 2002)"
"PD","Pem-Air Limited (1981 - 1989)"
"PD","Porter Airlines, Inc. (2008 - )"
"PDA","Trans Southern Airways (1960 - 2002)"
"PDQ","Antigua Paradise Airways (1994 - 1997)"
"PE","Air Europe S.P.A. (1993 - 2001)"
"PE","People Express Airlines Inc. (1981 - 1986)"
"PEA","Pearson Aircraft (1960 - 2002)"
"PEQ","Prince Edward Air (2004 - 2010)"
"PEQ","SkyLink Express Inc. (2010 - )"
"PER","Air Pennsylvania (1960 - 2002)"
"PET","Petro Aviation Corp. (1960 - 2002)"
"PF","Primera Air Scandinavia (2018 - )"
"PFA","Pacificair (1994 - 2002)"
"PFQ","Asia Pacific (1999 - )"
"PH","Polynesian Airlines Ltd. (1981 - )"
"PHL","Phillips Airlines (1960 - 2002)"
"PHR","Pinehurst Airlines Inc. (1981 - 1986)"
"PHX","Phoenix Airlines (1960 - 2002)"
"PI","Piedmont Aviation Inc. (1960 - 1989)"
"PIA","Pacific Island Airways (1960 - 2002)"
"PIQ","Pacific International Airlines (1993 - 2001)"
"PJQ","Private Jet Expeditions (1989 - 1993)"
"PK","Pakistan International Airlines (1981 - )"
"PKQ","Skyworld Airlines Inc. (1985 - 1989)"
"PL","Aero Peru (1981 - 2001)"
"PLA","Planes Inc. (1960 - 2002)"
"PLQ","Planet Airways (2000 - 2005)"
"PLZ","Polar Airways Inc. (1960 - 2002)"
"PM","Pilgrim Aviation & Airlines (1985 - 1986)"
"PM","Prescott Support Company, Inc. (2009 - )"
"PMA","Pacific Missionary Aviation (1960 - 2002)"
"PMT","Pilgrim Aviation & Airlines (1960 - 1988)"
"PN","Pan American Airways Corp. (1999 - 2004)"
"PNA","Peninsula Airways Inc. (1960 - 2006)"
"PNM","Panama Aviation (1989 - 2002)"
"PNQ","Panagra Airways (1997 - 2000)"
"PNR","Pioneer Airways (1960 - 2002)"
"PNS","Pine State Airlines (1995 - 2002)"
"PO","Polar Air Cargo Airways (1994 - )"
"POA","Potomac Air (2001 - 2003)"
"POC","Pocono Airlines Inc. (1960 - 2002)"
"POL","Polar International (1986 - 1989)"
"POM","Pompano Airways (1960 - 2002)"
"PON","Ponderosa Aviation Inc. (1960 - 2002)"
"POQ","Polyot Airlines (2001 - )"
"PP","Jet Aviation Business Jets AG (2009 - )"
"PPQ","Propair (2004 - )"
"PR","Philippine Airlines Inc. (1981 - )"
"PRA","Princeton Aviation Corp (1960 - 2002)"
"PRD","Paradise Island Airlines (1991 - 2002)"
"PRH","Promech (1993 - 2003)"
"PRM","Prime Air Inc. (1985 - 2002)"
"PRN","Puerto Rico Intl Airlines (1960 - 1985)"
"PRO","Sundance Airlines (1960 - 1986)"
"PRP","Propheter Aviation (1986 - 2002)"
"PRQ","Florida West Airlines Inc. (1987 - 2017)"
"PRR","Pro Air Services (1960 - 2002)"
"PRV","Aloha Island Air (1960 - 2002)"
"PS","Ukraine International Airlines (2014 - )"
"PS","Pacific Southwest Airlines (1979 - 1988)"
"PSA","P.S. Air Freight Inc. (1960 - 2002)"
"PT","Piedmont Airlines (2015 - )"
"PT","Capital Cargo International (2004 - 2012)"
"PTQ","Flight International (1981 - 1985)"
"PU","Primeras Lineas Uruguays For International (1990 - 1991)"
"PUQ","Aeropuma (1990 - 1996)"
"PV","Eastern Provincial Airways (1981 - 1989)"
"PVA","Precision Valley Aviation (1960 - 2002)"
"PW","Pacific Western Airlines (1981 - 1989)"
"PY","Surinam Airways Limited (1981 - )"
"PZ","Lineas Aereas Paraguayas (1981 - 1995)"
"Q2","Zambia Airways Corp. (1988 - 1991)"
"Q4","Master Top Linhas Aereas, Ltda. (2007 - 2012)"
"Q5","40-Mile Air (2003 - )"
"Q6","Vuela Aviacion, S.A. (2018 - )"
"Q7","Sobelair (1997 - 2001)"
"Q7","SkyBahamas Airlines Ltd. (2012 - )"
"QB","Inter-Quebec (Intair) (1981 - 1989)"
"QD","Grand Airways Inc. (1995 - 1995)"
"QF","Qantas Airways Ltd. (1981 - )"
"QG","Sky West Aviation Inc. (1979 - 1984)"
"QH","Air Florida Inc. (1979 - 1984)"
"QK","Air Canada Regional (2001 - 2010)"
"QK","Aeromaritime (1990 - 1991)"
"QK","Air Nova (1991 - 2000)"
"QK","Jazz Aviation LP (2011 - )"
"QN","Royal Air (1995 - 2001)"
"QO","Aeromexpress (1995 - )"
"QOZ","Bar Harbor Airways (1960 - 2002)"
"QQ","Reno Air Inc. (1992 - 1999)"
"QR","Qatar Airways (Q.C.S.C) (2007 - )"
"QS","Northeastern International Airways (1982 - 1985)"
"QS","Travel Service, a.s. d/b/a SmartWings (2009 - )"
"QT","Transportes Aereos Mercantiles Panamericanos S.A (1990 - )"
"QT","Pacific Interstate Airlines (1984 - 1989)"
"QTQ","Aer Turas Teoranta (1982 - 2003)"
"QWE","Qwest Commuter (1988 - 2002)"
"QX","Horizon Air (1984 - )"
"QY","European Air Transport Leipzig GmbH (2019 - )"
"R0","Tantalus Air Ltd. d/b/a Harbour Air d/b/a Harbour Air Seaplanes (2018 - )"
"R2","Orenburg Airlines (2013 - )"
"R3","Air Company Yakutia (2012 - )"
"RAI","Trans States Airlines (1983 - 1991)"
"RAL","Royal-Air Ltd. (1960 - 2002)"
"RAN","Pan Am Express (1960 - 1991)"
"RAQ","Arista International Airlines Inc. (1982 - 1984)"
"RAY","Royale Airlines Inc. (1960 - 1990)"
"RB","Syrian Arab Airlines (1981 - 1989)"
"RC","Republic Airlines Inc. (1979 - 1986)"
"RCA","Mid-South Aviation Inc. (1960 - 1979)"
"RD","Airlift International Inc. (1960 - 1985)"
"RD","Ryan International Airlines (2003 - 2012)"
"RDR","Rader Aviation (1993 - 2002)"
"RDW","Redwing Airways (1991 - 2002)"
"REA","Realwest Airlines (1960 - 2002)"
"RED","Aerosun International Airlines Inc. (1960 - 2002)"
"REP","Republic Airlines (2005 - 2005)"
"REQ","Renown Aviation (1995 - 2000)"
"RES","Resort Airlines Inc. (1984 - 2001)"
"REX","Express Airlines Inc. (1985 - 2002)"
"RG","Varig S. A. (1981 - )"
"RGQ","Regency Air (2003 - 2005)"
"RHA","Royal Hawaiian Airways Inc. (1960 - 2002)"
"RI","Airpac Inc. (1984 - 1986)"
"RIA","Trump Air (1984 - 2002)"
"RIC","Richardson Aviation (1960 - 2002)"
"RID","Indiana Airways Inc. (Reid (1960 - 2002)"
"RIO","Rio Airways Inc. (1960 - 2002)"
"RIQ","Rich International Airways (1979 - 1997)"
"RIV","Riverside Air Service (1960 - 2002)"
"RJ","Alia-(The) Royal Jordanian (1981 - )"
"RJS","Michigan Airways Inc. (1960 - 2002)"
"RK","Air Afrique (1981 - 2002)"
"RL","UltrAir (1993 - 1994)"
"RL","Aerolineas Nicaraguenses (1990 - 1991)"
"RL","Airline Of The Americas (1992 - 1993)"
"RLQ","Reliant Airlines (1998 - 2003)"
"RMH","Rocky Mountain Helicopters (1991 - 2002)"
"RMV","Ram Aviation (1993 - 1993)"
"RNQ","Mytravel Airways (2002 - 2008)"
"RNQ","Airtours International Airways (1993 - 2002)"
"RO","Tarom Romanian Air Transpor (1981 - )"
"ROA","Royal West Airways Inc. (1981 - 1989)"
"ROE","Roederer Aviation Inc. (1960 - 2002)"
"ROQ","Aero Uruguay (1981 - 1989)"
"ROS","Great Western Airlines Inc. (1981 - 1986)"
"ROY","Royal American Airways Inc. (1960 - 2002)"
"RP","Chautauqua Airlines Inc. (2004 - 2014)"
"RRT","Air Freight Express (1981 - 1986)"
"RS","Sky Regional Airlines Inc. (2013 - 2017)"
"RSC","Resort Commuter (1985 - 2002)"
"RSQ","Aerotransportes Entre Rios (1981 - 1989)"
"RSV","Air-Serve (2000 - 2002)"
"RTQ","Aerotour Dominicano Cxa (1992 - 1997)"
"RU","AirBridgeCargo Airlines Limited (2010 - )"
"RU","Britt Airways Inc. (1981 - 1987)"
"RU","ExpressJet Airlines Inc. (1995 - 2006)"
"RV","Reeve Aleutian Airways Inc. (1960 - 2002)"
"RV","Air Canada rouge LP (2013 - )"
"RVA","Reeves Air (1986 - 2002)"
"RVQ","Reeve Air Alaska, LLC (2013 - )"
"RW","Republic Airlines (2006 - 2009)"
"RWG","Air Rovers Inc. (1960 - 2002)"
"RY","Redcoat Air Cargo Limited (1981 - 1989)"
"RYA","Arctic Transportation (1983 - 2003)"
"RYQ","Ryan International Airlines (1992 - 2003)"
"RYQ","Ryan Aviation Corporation (1984 - 1986)"
"RZZ","Aeromech Inc. (1960 - 1984)"
"S3","Santa Barbara Airlines, C.A (2007 - )"
"S4","Sata Internacional (2003 - )"
"S5","Shuttle America Corp. (2005 - 2016)"
"S6","Star Air A/S (2008 - )"
"S6","Mountain Bird/Salmon Air (2006 - 2007)"
"SA","South African Airways (1981 - )"
"SAC","Sundorph Aeronautical Corp. (1983 - 2002)"
"SAH","Sea Air Shuttle (1990 - 2002)"
"SAI","Seair Alaska Airlines Inc. (1960 - 1986)"
"SAJ","Sajen Air Inc. (1960 - 2002)"
"SAL","Sallee's Aviation (1985 - 2002)"
"SAM","Samoan Airlines Inc. (1960 - 2002)"
"SAQ","Southern Air Transport Inc. (1980 - 1998)"
"SAS","Air Cortez International (1960 - 2002)"
"SAX","Air Americana (1960 - 2002)"
"SBA","Saber Aviation Inc. (1960 - 2002)"
"SBN","Suburban Airlines (1960 - 2002)"
"SBQ","Skyjet S.A. (1994 - 2000)"
"SCN","Scott Aviation (1990 - 2002)"
"SCO","Seaco Airlines Inc. (1960 - 2002)"
"SCT","Skyline Airlines (1960 - 2002)"
"SCY","South Coast Airways (1960 - 2002)"
"SDQ","St. Lucia Airways Limited (1984 - 1989)"
"SE","Das Air Cargo (1990 - 1991)"
"SE","XL Airways France (2009 - )"
"SEA","SkyWest Airlines Inc. (1960 - 2002)"
"SEB","Seaborne Virgin Islands, Inc. (2018 - )"
"SEB","Seaborne Aviation (1996 - 2017)"
"SEG","Seagull Air Service (1988 - 1990)"
"SEM","Semo Aviation Inc. (1960 - 2002)"
"SEP","Southern Express Airways (1985 - 2002)"
"SEQ","Sky Service F.B.O. (1994 - 2007)"
"SER","Service Aviation Inc. (1982 - 2002)"
"SFI","Stahmannfarms Inc. (1960 - 2002)"
"SFO","Sfo Helicopter Airlines Inc. (1960 - 2002)"
"SFQ","Pacific International Airlines Inc. (1996 - 1996)"
"SFQ","Sportsflight Airways Inc. (1994 - 1996)"
"SFQ","Southern Frontier Air Trans (1981 - 1989)"
"SFS","Sierra Flite Service Inc. (1960 - 2002)"
"SG","Jetsgo (2002 - 2004)"
"SH","Servicio Aereo De Honduras (1981 - 1993)"
"SHA","Shuttle America Corp. (1998 - 2005)"
"SHS","Shasta Air Inc. (1960 - 2002)"
"SHV","Shavano Air Inc. (1960 - 2002)"
"SI","Jet America Airlines Inc. (1981 - 1987)"
"SI","Sierra Pacific Airlines (1992 - )"
"SIA","Silver State Airlines (1960 - 2002)"
"SIM","Simmons Airlines (1960 - 1991)"
"SIQ","Premiair (1995 - 1999)"
"SIQ","Scanair (1982 - 1994)"
"SJA","San Juan Airlines Inc. (1960 - 2002)"
"SJQ","Skycharter (Malton) Ltd. (1981 - 1989)"
"SK","Scandinavian Airlines Sys. (1981 - )"
"SKB","Smokey Bay Air Inc. (2000 - 2003)"
"SKG","Skagway Air Service (1988 - 2003)"
"SKI","Sunbird Inc. (1960 - 1996)"
"SKJ","Sky-Jet (1993 - 2002)"
"SKL","Bas Airlines (1960 - 2002)"
"SKM","Scheduled Skyways (1960 - 2002)"
"SKS","Silver Kris Services Ltd. (1984 - 2002)"
"SKT","Skytrain (1981 - 2002)"
"SKW","Skyway Airlines (1990 - 2003)"
"SLA","Mountain Bird/Salmon Air (2001 - 2005)"
"SLO","Slocum Air Inc. (1981 - 2002)"
"SLQ","Sky King Inc. (2002 - 2013)"
"SLR","Salair (1993 - 2002)"
"SLZ","Southeast Airlines Inc. (1960 - 1986)"
"SM","Sunworld International Airlines (1996 - 2005)"
"SMC","Stopher Mechanical Inc. (1960 - 2002)"
"SMO","Samoa Aviation Inc. (1989 - 2003)"
"SMQ","Serv. Aerolineas Mexicanas (1993 - 1996)"
"SN","Brussels Airlines N.V. (2012 - )"
"SN","Sabena Belgian World Air. (1981 - 2001)"
"SNA","Aviation Associates (1983 - 1987)"
"SNB","Ccair (1960 - 2002)"
"SNC","Gelco Courier Services Inc. (1960 - 2002)"
"SNE","Shawnee Airlines (1960 - 2002)"
"SNK","Spernak Airways Inc. (2000 - )"
"SNV","Sierra Nevada Airways (1991 - 2002)"
"SO","Swiss World Airways (1998 - 1998)"
"SOA","Mall Airways Inc. (1960 - 2002)"
"SOE","Sky One Express (1992 - 2002)"
"SOL","Soonair Lines Inc. (1960 - 2002)"
"SOP","South Pacific Island Airway (1960 - 1987)"
"SPF","Springfield Air Service (1960 - 2002)"
"SPG","Springdale Air (1988 - 2002)"
"SPH","Spirit Helicopter (1983 - 2002)"
"SPQ","Sun Pacific International (1996 - 2001)"
"SPR","Sportsman Flying Service (1988 - 2002)"
"SQ","Singapore Airlines Ltd. (1981 - )"
"SR","Swissair Transport Co. Ltd. (1988 - 2002)"
"SRA","Star Aviation (1990 - 2002)"
"SRL","Sterling Air Service (1960 - 2002)"
"SS","Corsair International (2012 - )"
"SS","Corsair (2010 - 2012)"
"SSA","S. S. Airways Inc. (1981 - 1986)"
"SSP","Southern Seaplane (1960 - 2002)"
"SSQ","Superior Airways Limited (1981 - 1989)"
"SSS","Sierra Express Inc. (1960 - 2002)"
"SST","Seaplane Shuttle Transport (1960 - 2002)"
"ST","Belize Airways Limited (1981 - 1989)"
"STA","State Airlines Inc. (1981 - 2002)"
"STF","Trans East International (1960 - 2002)"
"STG","Sedalia Marshall Boonvl Stg (1960 - 1990)"
"STL","Westair Airlines Inc. (1960 - 1988)"
"STQ","Skycraft Air Transport Inc. (1981 - 1989)"
"STR","Star Aviation Corporation (1960 - 2002)"
"STW","Stateswest Airlines (1986 - 1996)"
"STZ","Air America Inc. (1960 - 1985)"
"SU","Aeroflot Russian Airlines (1981 - )"
"SUA","Sunshine Airlines (1995 - 2002)"
"SUI","Sun International Airways (1960 - 2002)"
"SUT","Sunbelt (1960 - 2002)"
"SUX","Sunair Express LLC (2001 - 2002)"
"SV","Saudi Arabian Airlines Corp (1982 - )"
"SVA","Servant Air Inc. (1998 - 2003)"
"SVL","Sun Valley Airlines (1960 - 2002)"
"SVW","Global Jet Luxembourg, Sa (2007 - )"
"SWA","Sunwest Airlines (1960 - 2002)"
"SWT","Swift Aire Lines Inc. (1960 - 1985)"
"SX","Aeroejecutivo S.A. (1997 - 2000)"
"SX","Skybus Airlines, Inc. (2007 - 2008)"
"SXP","Sierra Expressway (1995 - 2002)"
"SXQ","Serv De Trans Aereos Fuegui (1987 - 1995)"
"SY","Sun Country Airlines d/b/a MN Airlines (2005 - )"
"SY","Sun Country Airlines (1999 - 2004)"
"SYB","Skybus Express Airlines (1991 - 2002)"
"SYM","Skymaster (1989 - 2002)"
"SYQ","Sun Country Airlines (1983 - 1999)"
"SZQ","Aerolineas El Salvador S A (1981 - 1993)"
"T3","Tristar Airlines Inc. (1995 - 1997)"
"T9","TransMeridian Airlines (1995 - 2005)"
"TA","Taca International Airlines (1981 - )"
"TAC","Air Colorado (1960 - 2002)"
"TAF","Tri Air Freight (1988 - 2002)"
"TAL","Tejas Airlines Inc. (1960 - 2002)"
"TAN","Tanana Air Service (1984 - 2003)"
"TAQ","Taquan Air Service (1988 - 1999)"
"TAS","Yosemite Airlines Inc. (1960 - 2002)"
"TAT","Talarik Creek Air Taxi (1985 - 1986)"
"TB","Trump Shuttle (1989 - 1992)"
"TB","TUI Airlines Belgium N.V. d/b/a Jetairfly (2011 - )"
"TB","USAir Shuttle (1992 - 2000)"
"TBQ","Triair Bermuda Flt Operations (2003 - )"
"TCA","Trans Catalina Airlines (1960 - 2002)"
"TCE","Oceanair Line (1960 - 2002)"
"TCI","Trans California Airlines (1960 - 2002)"
"TCL","Trans-Central Airlines Inc. (1960 - 2002)"
"TCO","Trans-Colorado Airlines (1960 - 2002)"
"TCQ","Express.Net Airlines (2001 - 2007)"
"TCQ","Trans Continental Airlines (1994 - 2000)"
"TDQ","Transcarga (1981 - 1989)"
"TDQ","Venexcargo (1990 - 1994)"
"TE","Air New Zealand (1981 - 1990)"
"TEN","Tennessee Airways Inc. (1960 - 2002)"
"TEQ","TAG Aviation (Malta) Ltd. (2019 - )"
"TEQ","Transp. Aereos Ejecutivos (1990 - 1993)"
"TER","Terre Haute Air Commuter (1960 - 2002)"
"TFQ","Trans International Airlines Inc. (1984 - 1989)"
"TFZ","Tri-State Airlines Inc. (1983 - 2002)"
"TG","Thai Airways International Ltd. (1981 - )"
"TGO","Trans Air Cargo Inc. (1981 - 2002)"
"TGQ","Tranps Aereos Guatemaltecos (1992 - 1994)"
"TH","Transmile Air Service (2005 - )"
"THA","Tropical Helicopter Airways (1987 - 2002)"
"THO","Thorson Aviation (1960 - 2002)"
"THQ","T-Bird Air Inc. (1981 - 1984)"
"TIA","Trans Air Inc. (1960 - 2002)"
"TIE","Trans International Express (1999 - 2002)"
"TIQ","Tyrolean Jet Service (2005 - )"
"TIS","Skyfreight (1960 - 2002)"
"TJ","Jet Charter Service Inc. (1982 - 1985)"
"TK","Turk Hava Yollari A.O. (1987 - )"
"TKQ","Trans-Air-Link Corporation (1983 - 2004)"
"TLQ","Trans-Mediterranean Airways (1981 - 1989)"
"TMA","Trans Mo Airlines (1960 - 2002)"
"TMQ","Transportes Aereos Mercantiles Panamericanos S.A (1981 - 1990)"
"TN","Air Tahiti Nui (1998 - )"
"TNQ","Emery Worldwide Airlines (1990 - 2001)"
"TNS","Transtate Aviation (1960 - 2002)"
"TP","Tap-Portuguese Airlines (1981 - )"
"TPQ","Aerial Transit Company (1984 - 1994)"
"TQA","Venture Travel LLC d/b/a Taquan Air Service (2000 - 2003)"
"TQQ","Taca Peru (2001 - )"
"TR","Scoot Tigerair Pte Ltd d/b/a Scoot (2017 - )"
"TR","Transbrasil S.A. (1983 - 2001)"
"TRA","Aeromexico Travel (2008 - )"
"TRI","Great Plains Airlines Inc. (1960 - 2003)"
"TRO","Air Molakai (1981 - 2002)"
"TRP","Trans Pennsylvania Airlines (1960 - 2002)"
"TRQ","Blue Scandinavia Ab (1996 - 1997)"
"TRQ","Transwede Airways Ab (1987 - 1996)"
"TRR","Territorial Airlines (1990 - 2002)"
"TS","Air Transat (1991 - )"
"TSA","Sierra Pacific Airlines (1960 - 1992)"
"TSF","American Central Airlines (1960 - 1985)"
"TSI","Trans Sierra Airlines Inc. (1960 - 2002)"
"TSQ","TPI International Airways (1990 - 1990)"
"TTD","Tatonduk Outfitters Limited d/b/a Tatonduk Flying Service (1986 - 1995)"
"TTM","The Time Machine (1982 - 2002)"
"TTQ","Canada 3000 Airlines Ltd. (1990 - 1996)"
"TUL","Tulsair Beechcraft Inc. (1960 - 2002)"
"TUR","Turner Aire (1985 - 2002)"
"TV","Transamerica Airlines Inc. (1979 - 1986)"
"TV","Haiti Trans Air (1989 - 1996)"
"TVL","Travelair (1990 - 2002)"
"TW","Trans World Airways LLC (2001 - 2001)"
"TW","Trans World Airlines Inc. (1960 - 2001)"
"TWA","Trans Western Airlines Utah (1960 - 1987)"
"TWE","Trans World Express (1991 - 2001)"
"TWQ","Air Transat (1988 - 1991)"
"TX","Transportes Aereos Nacional (1981 - 1991)"
"TX","Soc.Nouvelle Air Guadeloupe (1998 - 2001)"
"TXA","Texas National Airlines (1985 - 2002)"
"TXE","Trans Air (Hawaii) (1990 - 2002)"
"TXQ","British Caribbean Airways (1981 - 1989)"
"TXY","Texas Airways (1995 - 2002)"
"TYE","Temsco Airlines (1960 - 2002)"
"TZ","ATA Airlines d/b/a ATA (2003 - 2008)"
"TZ","American Trans Air Inc. (1981 - 2003)"
"TZQ","First Choice Airways (2004 - )"
"TZQ","Air 2000 Limited (1988 - 2003)"
"U2","UFS Inc. (1993 - 2000)"
"U5","USA 3000 Airlines (2003 - 2012)"
"U7","USA Jet Airlines Inc. (1994 - )"
"UA","United Air Lines Inc. (1960 - )"
"UAI","Universal Airways Inc. (1960 - 2002)"
"UC","Ladeco (1981 - 1996)"
"UD","Fast Air Carrier Ltd. (1990 - 1998)"
"UH","US Helicopter Corporation (2006 - 2010)"
"UMQ","Air Manila Inc. (1981 - 1989)"
"UN","Transaero Airlines (1996 - 2015)"
"UNQ","Overseas National Airways (1981 - 1985)"
"UO","Hong Kong Express Airways Limited (2016 - )"
"UP","Bahamasair Holding Limited (1981 - )"
"UR","Empire Airlines Inc. (1979 - 1986)"
"URQ","Aero Uruguay (1992 - 2001)"
"US","USAir (1988 - 1997)"
"US","US Airways Inc. (1997 - 2015)"
"USA","Air U.S. (1960 - 2002)"
"USQ","USA 3000 Airlines (2001 - 2003)"
"UT","Union De Transports Aeriens (1981 - 1993)"
"UTQ","Universal Airlines Inc. (1990 - 1992)"
"UX","Air Illinois Inc. (1983 - 1984)"
"UX","Air Europa (1997 - )"
"UXQ","Air Europa (1988 - 1996)"
"UYQ","Aerolineas Uruguayas S.A. (1993 - 2002)"
"V4","Vensecar International (2002 - )"
"V5","J.D.Valenciana De Aviation (1993 - 1993)"
"V6","CLAIRMONT HOLDINGS d/b/a VI AIRLINK (2017 - )"
"V8","Iliamna Air Taxi (2003 - )"
"V9","Eagle Airlines (1993 - 1995)"
"VA","Virgin Blue International Airlines t/a V Australia (2009 - )"
"VA","Venezuelan International Airways (1981 - 1997)"
"VAG","Vagabond Aviation Inc. (1960 - 2002)"
"VAL","Vieques Air Link Inc. (1960 - 2002)"
"VAQ","Vacationair (1988 - 1989)"
"VAS","Valley Air Services (1990 - 2002)"
"VB","Pacific Express (1982 - 1984)"
"VB","Aeroenlaces Nacionales, S.A. de C.V. d/b/a VivaAerobus (2008 - )"
"VC","Servicios Avensa (1991 - 2002)"
"VCQ","Victory Air Transport Inc. (2004 - 2010)"
"VE","Aerovias Venezolanas-Avensa (1986 - 2002)"
"VEE","PSA Airlines Inc. (1960 - 2004)"
"VER","Britt Airlines Inc. (1960 - 2002)"
"VEZ","Valdez Airlines (1960 - 1985)"
"VH","Fast Colombia SAS d/b/a Viva Colombia (2019 - )"
"VH","Aeropostal Alas De Venezuel (1998 - 2008)"
"VI","Vieques Air Link Inc. (2002 - )"
"VI","Volga-Dnepr Airlines (1994 - 2002)"
"VIA","Air St. Thomas (1960 - 2002)"
"VIG","Viking Express (1960 - 2002)"
"VIN","Vale International Airlines (1960 - 2002)"
"VIQ","Viscount Air Service Inc. (1994 - 1996)"
"VIQ","Volga-Dnepr Airlines (2002 - )"
"VIS","Virgin Islands Seaplane (1982 - 2002)"
"VJT","VistaJet Limited (2013 - )"
"VK","Air Tungaru Corporation (1984 - 1991)"
"VL","Mid-South Aviation Inc. (1979 - 1984)"
"VLA","Village Aviation (1985 - 2004)"
"VLY","Valley Airlines (1960 - 2002)"
"VOQ","Avalon Aviation Ltd. (1981 - 1989)"
"VP","Viacao Aerea Sao Paulo (1986 - 2000)"
"VPJ","Vintage Props & Jets Inc. (2002 - 2005)"
"VQ","Vintage Props & Jets Inc. (2006 - 2008)"
"VR","Transportes Aereos De Cabo (1987 - )"
"VS","Virgin Atlantic Airways (1984 - )"
"VSA","VistaJet Luftfahrtunternehmen GmbH (2007 - )"
"VV","Aerosvit Ukranian Airlines (2003 - )"
"VV","Challenge Air Transport Inc. (1981 - 1986)"
"VV","Challenge Air International Inc. (1986 - 1987)"
"VW","Aeromar C. Por A. (1993 - 1994)"
"VW","Transportes Aeromar S.A de C.V (2011 - )"
"VX","Virgin America (2007 - )"
"VX","Aces Airlines (1992 - 2003)"
"VY","Highland Express Airways (1987 - 1989)"
"W3","Arik Air International (2009 - )"
"W4","Mn Aviation, Inc. (2004 - 2006)"
"W7","Western Pacific Airlines (1995 - 1998)"
"W8","Cargojet Logistics (2002 - 2003)"
"W8","Cargojet Airways Ltd. (2003 - )"
"W9","Eastwind Airlines Inc. (1995 - 1999)"
"WA","Western Air Lines Inc. (1960 - 1987)"
"WA","Worldwide Airlines Services (1992 - 1995)"
"WAC","Air East Airlines (1960 - 2002)"
"WAI","Wise Airlines Inc. (1985 - 2002)"
"WAL","Warbelow (2002 - 2003)"
"WAP","Arrow Panama (2006 - )"
"WAQ","Air Charter Systems (Acs) (1987 - 2002)"
"WAR","Waring Air (1983 - 2002)"
"WAS","Wright Air Service (1986 - 2003)"
"WAW","Westward Airways Inc. (2003 - 2005)"
"WC","Wien Air Alaska Inc. (1968 - 1984)"
"WCA","Walker's International (1960 - 2002)"
"WCI","Mountainwest Airlines (1960 - 2002)"
"WD","Halisa Air (1995 - 1997)"
"WDQ","Wardair Canada Inc. (1981 - 1989)"
"WE","Centurion Cargo Inc. (2001 - 2016)"
"WEB","Southeast Alaska Airlines (1960 - 1985)"
"WEQ","Aero-Services-Corporate (2005 - )"
"WES","Western Star Airlines Inc. (1960 - 2002)"
"WET","Western Charter Inc. (1960 - 2002)"
"WFS","Wheeler Airlines (1960 - 2002)"
"WFT","Westflight Aviation (1984 - 1997)"
"WG","Sunwing Airlines Inc. (2007 - )"
"WGL","Wrangell Air Service (1985 - 2002)"
"WGQ","Gateway Aviation Limited (1981 - 1989)"
"WI","Sky Lease Cargo (2012 - )"
"WI","Tradewinds Airlines (1998 - 2011)"
"WIA","Wisc Air (1960 - 2002)"
"WIL","Will's Air (1960 - 2002)"
"WIR","Williams Air Inc. (1981 - 2002)"
"WIS","Air Wisconsin Inc. (1960 - 1978)"
"WL","Caribbean Sun Airlines, Inc. d/b/a World Atlantic Airlines (2017 - )"
"WL","World Air Network (1991 - 1995)"
"WLB","Wilburs Inc. (1985 - 1991)"
"WLH","Welch Aviation (1989 - 2002)"
"WLQ","Worldwide Airlines Inc. (1984 - 1986)"
"WM","Windward Islands Airways (1981 - 1989)"
"WN","Southwest Airlines Co. (1979 - )"
"WNG","Wings Airways (1960 - 2002)"
"WNQ","Winair Inc. (1997 - 1998)"
"WO","World Airways Inc. (1979 - 2014)"
"WOA","Wings Of Alaska (1983 - 2003)"
"WOQ","Winnport Logistics (2000 - 2002)"
"WP","Aloha Island Air (2002 - 2006)"
"WP","Island Air Hawaii (2006 - )"
"WR","WestJet Encore Ltd. (2016 - )"
"WRA","Wra Inc. (1988 - 2002)"
"WRB","40-Mile Air (1960 - 2003)"
"WRD","Ward Air (2001 - )"
"WRT","Wright Airlines Inc. (1960 - 1987)"
"WS","Suncoast Airlines Inc. (1986 - 1988)"
"WS","Westjet (2002 - )"
"WSK","AAR Western Skyways (1985 - 2002)"
"WST","West Isle Air (1990 - 2015)"
"WST","Friday Harbor Seaplanes (2016 - )"
"WSU","Mission Air (1981 - 2002)"
"WT","Nigeria Airways Ltd. (1981 - 1995)"
"WTA","Westates Airlines (1985 - 1987)"
"WV","Air South Inc. (1994 - 1997)"
"WV","Air Greco, Inc., d/b/a Wings Air (2008 - 2009)"
"WW","WOW Air ehf (2014 - )"
"WWI","Wings West Airlines (1960 - 1998)"
"WWQ","Worldways Canada Ltd. (1985 - 1991)"
"X3","Hapag-Lloyd Express GmbH (2010 - 2010)"
"X4","Air Excursions LLC (2010 - )"
"X7","ACE Belgium Freighters S.A. (2018 - )"
"X9","Omni Air International LLC (2016 - )"
"X9","Omni Air Express (1993 - 2016)"
"XAA","Aero Union Corp (1981 - 1986)"
"XAB","Air Polynesia d/b/a DHL Cargo (1982 - 1986)"
"XAC","Air Express International Airlines (1981 - 1986)"
"XAE","Amerford Airways Inc. (1981 - 1989)"
"XAF","Astro-Wing Airlines Inc. (1981 - 1989)"
"XAG","Ball Brothers Inc. (1981 - 1989)"
"XAH","Hawaii Pacific Air (1991 - 1994)"
"XAI","Burlington Northern Inc. (1981 - 1989)"
"XAJ","Central American International (1981 - 1986)"
"XAK","Century Airlines Inc. (1981 - 1989)"
"XAL","Challenge Air Transport Inc. (1981 - 1981)"
"XAM","Cohlmia Aviation (1981 - 1988)"
"XAN","Conner Air Lines Inc. (1981 - 1986)"
"XAO","Dallas Flight Center (1981 - 1989)"
"XAQ","Cam Air International Inc. (1981 - 1987)"
"XAR","Jet Way Inc. (1981 - 1989)"
"XAS","Klondike Air Inc. (1981 - 1989)"
"XAT","Michigan Peninsula Airways (1981 - 1986)"
"XAU","Flight Line Inc. (1981 - 1993)"
"XAW","Northern Air Cargo Inc. (1981 - 1982)"
"XAY","Pat Air (1981 - 1989)"
"XAZ","Purolator Sky Courier Inc. (1981 - 1987)"
"XBC","Jet East Inc. (1983 - 1989)"
"XBD","Trans Continental Airlines (1981 - 1988)"
"XBE","United Parcel Service (1981 - 1988)"
"XBF","WTC Airlines (1981 - 1986)"
"XBH","Profit Airlines Inc. (1981 - 1986)"
"XBI","CF Air Freight (1981 - 1986)"
"XBJ","International Air Service (1981 - 1986)"
"XBL","Interstate Airlines Inc. (1981 - 1985)"
"XBM","Phh Air Inc. (1981 - 1989)"
"XBP","Circle Airfreight Corp. (1981 - 1987)"
"XBQ","Aeronaves De Puerto Rico (1981 - 1986)"
"XBR","Allstates Air Cargo Inc. (1981 - 1986)"
"XBT","Pacific Alaska Airlines Inc. (1981 - 1987)"
"XBV","Nal Inc. (1981 - 1989)"
"XBW","DHL Airways (1981 - 1992)"
"XBX","Icb International Airlines (1981 - 1987)"
"XBY","Wrangler Aviation Inc. (1981 - 1990)"
"XBZ","Air Natl Aircraft Sal & Ser (1982 - 1989)"
"XC","Air Caribbean (1997 - 2000)"
"XCA","Hawkins And Powers Aviation (1983 - 1986)"
"XDA","Pacific Air Express Inc. (1984 - 1988)"
"XDC","Hemisphere Air Charter (1986 - 1989)"
"XDD","International Parcel Express Inc. (1986 - 1989)"
"XDE","Air Train Inc. (1987 - 1989)"
"XDF","Salair Inc. (1987 - 1998)"
"XDH","Kitty Hawk Air Cargo (1989 - 1993)"
"XE","ExpressJet Airlines Inc. (2006 - 2011)"
"XF","Vladivostok Air (2007 - 2014)"
"XG","North American Airlines (1990 - 2004)"
"XJ","Mesaba Airlines (1997 - 2011)"
"XK","Air Hawaii (1985 - 1986)"
"XK","Aerotal (1981 - 1989)"
"XL","Pro Air Inc. (1997 - 1997)"
"XL","Lan Ecuador (2003 - )"
"XP","Casino Express (1992 - 2014)"
"XP","XTRA Airways (2015 - )"
"XPA","Express Air d/b/a Sunrise (1998 - 2002)"
"XPE","Amira Air GmbH (2007 - 2016)"
"XPQ","International Cargo Xpress (1992 - 1994)"
"XV","Presidential Airways Inc. (1985 - 1989)"
"XY","Munz Northern Airlines Inc. (1960 - 1983)"
"XYZ","Airpac Inc. (1960 - 1997)"
"Y2","Globespan Airways Limited d/b/a Flyglobespan (2006 - )"
"Y4","Concesionaria Vuela Compania De Aviacion SA de CV (Volaris) (2009 - )"
"Y7","Flyjet Limited d/b/a Silverjet (2007 - )"
"Y8","Yangtze River Express Airlines Company (2006 - )"
"YB","Trans Continental Airlines (1989 - 1992)"
"YBQ","Yellow Bird Air (1981 - 1989)"
"YM","Royal West Airlines (1986 - 1988)"
"YR","Grand Canyon Airlines, Inc. d/b/a Grand Canyon Airlines d/b/a Scenic Airlines (2008 - )"
"YR","Eagle Canyon Airlines d/b/a Scenic Airlines (2002 - 2004)"
"YR","Scenic Airlines Inc. d/b/a Scenic Airlines (2005 - 2008)"
"YTU","Alaska Central Express (1988 - 2003)"
"YUT","Yute Air Aka Flight Alaska (2002 - 2003)"
"YV","Mesa Airlines Inc. (1995 - )"
"YX","Republic Airlines (2009 - 2016)"
"YX","Midwest Express Airlines (1984 - 2003)"
"YX","Midwest Airline, Inc. (2003 - 2009)"
"YX","Republic Airline (2017 - )"
"Z3","Promech (2003 - 2005)"
"Z3","PM Air, LLC (2005 - 2017)"
"Z3","Bidzy Ta Hot Aana, Inc. d/b/a Tanana Air Service (2018 - )"
"Z3Q","PM Air, LLC (2018 - )"
"ZA","Accessair Holdings (1998 - 2002)"
"ZAQ","Zas Airline Of Egypt (1986 - 1995)"
"ZB","Monarch Airlines (1988 - )"
"ZE","Lineas Aereas Azteca (2002 - 2007)"
"ZE","Eastar Jet Co Ltd. (2016 - )"
"ZFZ","Mcphillips Flying Service (1960 - 2002)"
"ZIA","Air New Mexico (1960 - 2002)"
"ZK","Great Lakes Airlines (2006 - )"
"ZK","Great Lakes Aviation Ltd. (2003 - 2006)"
"ZKQ","Zantop International (1979 - 2005)"
"ZL","Affretair (1991 - 1991)"
"ZMZ","Winnipesaukee Aviation Inc. (1960 - 2002)"
"ZN","Key Airlines Inc. (1992 - 1993)"
"ZO","Florida Express Inc. (1984 - 1989)"
"ZP","Air St. Thomas (2002 - 2005)"
"ZQ","Caribbean Sun Airlines (2003 - 2010)"
"ZS","Hispaniola Airways (1992 - 1993)"
"ZUQ","Zuliana De Aviacion (1990 - 1997)"
"ZV","Air Midwest Inc. (1976 - 2008)"
"ZW","Air Wisconsin Inc. (1979 - 1993)"
"ZW","Air Wisconsin Airlines Corp (1994 - )"
"ZX","Airbc Ltd. (1990 - 2000)"
"ZX","Air Georgian (2002 - )"
"ZY","Atlantic Gulf Airlines (1985 - 1986)"
"ZYZ","Skyway Aviation Inc. (1960 - 2002)"
